Name,Team,K/9,BB/9,K/BB,HR/9,K%,BB%,K-BB%,AVG,WHIP,BABIP,LOB%,ERA-,FIP-,xFIP-,ERA,FIP,E-F,xFIP,SIERA,playerid
Felipe Vazquez,Pirates,11.7,2.5,4.68,0.57,0.32,0.07,0.25,0.2,1.02,0.288,81.70%,49,55,68,2.02,2.36,-0.35,2.92,2.75,12076
Chris Sale,Red Sox,13.21,1.97,6.69,1.02,0.37,0.06,0.31,0.202,0.97,0.298,76.00%,66,59,60,3.08,2.57,0.51,2.63,2.61,10603
Chad Green,Yankees,12.43,2.15,5.78,0.97,0.35,0.06,0.29,0.209,1.01,0.301,79.80%,64,59,71,2.82,2.66,0.16,3.1,2.56,15552
Max Scherzer,Nationals,12.29,2.11,5.83,0.96,0.35,0.06,0.29,0.194,0.94,0.275,80.30%,61,62,72,2.64,2.68,-0.04,3.08,2.86,3137
Jacob deGrom,Mets,11.03,2.15,5.12,0.82,0.31,0.06,0.25,0.211,1.02,0.289,79.90%,63,64,69,2.53,2.7,-0.17,2.97,3.17,10954
Josh Hader,Brewers,15.35,3.17,4.85,1.23,0.45,0.09,0.35,0.145,0.85,0.228,86.90%,57,63,59,2.42,2.74,-0.32,2.54,2,14212
Corey Kluber,Indians,10.4,1.68,6.18,0.99,0.29,0.05,0.25,0.215,0.99,0.281,77.70%,62,67,69,2.83,2.92,-0.08,2.97,3.11,2429
Kenley Jansen,Dodgers,12.01,1.77,6.78,1.2,0.34,0.05,0.29,0.196,0.93,0.263,81.70%,66,71,71,2.66,2.94,-0.28,3.04,2.52,3096
Luis Severino,Yankees,10.6,2.34,4.53,0.91,0.29,0.06,0.23,0.22,1.09,0.292,75.50%,73,68,72,3.13,2.99,0.14,3.1,3.28,15890
Brad Hand,- - -,12.68,2.85,4.45,0.99,0.34,0.08,0.27,0.207,1.08,0.302,82.70%,62,71,71,2.67,3.03,-0.35,3.07,2.68,9111
Noah Syndergaard,Mets,9.2,2.17,4.25,0.78,0.25,0.06,0.19,0.249,1.21,0.318,71.30%,91,73,82,3.67,3.1,0.58,3.51,3.73,11762
Walker Buehler,Dodgers,10.34,2.24,4.61,0.93,0.29,0.06,0.22,0.211,1.04,0.276,73.80%,77,74,77,3.12,3.1,0.02,3.32,3.45,19374
Gerrit Cole,- - -,11.67,2.44,4.78,1.15,0.32,0.07,0.26,0.212,1.06,0.288,78.10%,75,73,71,3.2,3.14,0.07,3.1,3.16,13125
Stephen Strasburg,Nationals,10.69,2.47,4.33,0.96,0.29,0.07,0.23,0.214,1.07,0.283,76.80%,72,72,75,3.15,3.16,-0.01,3.23,3.41,10131
Archie Bradley,Diamondbacks,10.03,3.2,3.13,0.75,0.27,0.09,0.18,0.225,1.21,0.298,80.20%,69,76,84,2.95,3.24,-0.28,3.61,3.49,12918
James Paxton,- - -,11.07,2.7,4.1,1.11,0.30,0.07,0.23,0.228,1.16,0.304,75.90%,82,74,78,3.54,3.26,0.29,3.43,3.45,11828
Charlie Morton,- - -,10.69,3.03,3.53,0.83,0.29,0.08,0.21,0.216,1.14,0.292,76.00%,76,76,78,3.24,3.26,-0.02,3.41,3.58,4676
Carlos Carrasco,Indians,10.54,2,5.27,1.14,0.29,0.06,0.23,0.243,1.15,0.318,75.90%,80,74,72,3.66,3.26,0.4,3.15,3.25,6632
Shane Bieber,Indians,10.31,1.72,5.98,1.2,0.28,0.05,0.23,0.248,1.15,0.319,74.10%,80,74,73,3.72,3.29,0.43,3.26,3.39,19427
Justin Verlander,- - -,11.32,2.11,5.36,1.27,0.32,0.06,0.26,0.196,0.95,0.255,83.80%,65,75,78,2.81,3.29,-0.48,3.45,3.18,8700
Blake Treinen,- - -,9.77,3.48,2.81,0.71,0.26,0.09,0.17,0.225,1.24,0.295,77.50%,69,76,80,3.02,3.29,-0.27,3.53,3.54,12572
Lance McCullers Jr.,Astros,9.98,3.28,3.04,0.73,0.26,0.09,0.18,0.23,1.23,0.305,68.40%,97,78,77,4.04,3.31,0.74,3.3,3.53,14120
Seth Lugo,Mets,9.3,2.2,4.23,0.96,0.25,0.06,0.19,0.232,1.13,0.291,72.50%,85,79,86,3.41,3.32,0.09,3.66,3.54,12447
Mike Clevinger,Indians,10.31,3.3,3.13,0.88,0.28,0.09,0.19,0.215,1.15,0.285,79.80%,65,76,85,2.96,3.32,-0.36,3.69,3.79,12808
Patrick Corbin,- - -,10.07,2.72,3.7,0.99,0.27,0.07,0.20,0.237,1.21,0.307,75.40%,79,77,78,3.47,3.33,0.14,3.35,3.63,9323
Brandon Woodruff,Brewers,9.65,2.52,3.83,0.91,0.26,0.07,0.19,0.239,1.19,0.308,73.30%,89,77,84,3.87,3.35,0.52,3.64,3.76,16162
Mike Soroka,Braves,7.32,2.16,3.4,0.67,0.20,0.06,0.14,0.241,1.15,0.289,77.40%,64,78,87,2.79,3.38,-0.59,3.82,4.26,18383
Clayton Kershaw,Dodgers,9.55,1.75,5.46,1.19,0.27,0.05,0.22,0.218,1.01,0.267,83.30%,66,80,74,2.69,3.38,-0.69,3.18,3.42,2036
Zack Greinke,- - -,8.74,1.72,5.09,1.08,0.25,0.05,0.20,0.227,1.04,0.276,77.10%,72,80,82,3.11,3.41,-0.3,3.51,3.68,1943
Blake Snell,Rays,10.51,3.52,2.99,0.97,0.29,0.10,0.19,0.211,1.16,0.279,77.30%,74,81,83,3.17,3.43,-0.26,3.63,3.8,13543
Aaron Nola,Phillies,9.84,2.89,3.41,0.96,0.27,0.08,0.19,0.221,1.14,0.284,78.60%,75,78,81,3.23,3.44,-0.21,3.47,3.72,16149
Yusmeiro Petit,- - -,8.35,1.55,5.39,1.11,0.24,0.05,0.20,0.205,0.93,0.241,78.90%,66,80,94,2.83,3.45,-0.63,4.14,3.56,4020
Ross Stripling,Dodgers,9.5,1.91,4.97,1.22,0.26,0.05,0.21,0.248,1.17,0.307,79.50%,83,84,77,3.36,3.5,-0.15,3.27,3.39,13273
Jameson Taillon,Pirates,8.3,2.49,3.34,0.87,0.22,0.07,0.15,0.257,1.28,0.315,73.60%,91,84,89,3.75,3.51,0.25,3.74,4.01,11674
Craig Stammen,Padres,8.76,2.24,3.92,1.04,0.24,0.06,0.18,0.232,1.13,0.282,78.90%,74,83,84,3.06,3.57,-0.51,3.6,3.43,7274
Brad Peacock,Astros,11.01,3.37,3.27,1.12,0.29,0.09,0.20,0.216,1.18,0.286,78.70%,81,82,86,3.46,3.59,-0.13,3.81,3.61,5401
Raisel Iglesias,Reds,10.93,3.06,3.58,1.21,0.30,0.08,0.22,0.213,1.13,0.278,83.40%,68,83,82,2.97,3.59,-0.62,3.49,3.23,17130
Trevor Bauer,- - -,10.68,3.17,3.37,1.08,0.28,0.08,0.20,0.233,1.24,0.306,75.20%,80,81,85,3.68,3.6,0.08,3.73,3.76,12703
Hyun-Jin Ryu,Dodgers,8.46,1.93,4.38,1.1,0.23,0.05,0.18,0.238,1.12,0.285,82.50%,66,85,82,2.71,3.61,-0.9,3.54,3.85,14444
Carlos Martinez,Cardinals,9.36,3.6,2.6,0.82,0.25,0.09,0.15,0.226,1.26,0.288,74.80%,83,88,92,3.41,3.65,-0.24,3.9,4.02,11682
Collin McHugh,Astros,10.18,3.04,3.35,1.07,0.27,0.08,0.19,0.215,1.14,0.275,76.60%,79,84,92,3.42,3.66,-0.24,4.07,3.69,7531
Zack Wheeler,Mets,8.83,2.81,3.14,0.99,0.23,0.07,0.16,0.246,1.27,0.303,72.90%,98,88,94,3.94,3.68,0.26,4.02,4.16,10310
Mychal Givens,Orioles,10.43,3.34,3.12,1.11,0.28,0.09,0.19,0.208,1.14,0.269,73.60%,83,81,89,3.71,3.72,-0.01,3.88,3.46,10430
Jack Flaherty,Cardinals,10.57,3.03,3.49,1.2,0.29,0.08,0.21,0.199,1.06,0.254,80.20%,78,89,86,3.2,3.73,-0.53,3.66,3.69,17479
Alex Wood,- - -,8.37,2.31,3.63,1.06,0.23,0.06,0.16,0.236,1.16,0.282,74.80%,86,89,86,3.47,3.74,-0.27,3.63,3.84,13781
Kyle Hendricks,Cubs,7.57,2.02,3.74,1.01,0.21,0.06,0.15,0.242,1.15,0.283,76.00%,79,88,93,3.33,3.75,-0.41,3.97,4.17,12049
Miles Mikolas,Cardinals,6.79,1.43,4.75,1.01,0.19,0.04,0.15,0.254,1.14,0.29,75.00%,85,90,92,3.46,3.76,-0.29,3.91,4.15,9803
Kenta Maeda,Dodgers,10.06,2.79,3.61,1.24,0.27,0.08,0.20,0.223,1.16,0.279,71.80%,99,89,88,4.03,3.77,0.26,3.79,3.77,18498
Alex Claudio,- - -,5.96,2.2,2.71,0.72,0.16,0.06,0.10,0.265,1.27,0.302,74.40%,78,84,86,3.59,3.78,-0.18,3.77,3.62,12890
Sonny Gray,- - -,9.25,3.5,2.64,0.96,0.24,0.09,0.15,0.226,1.24,0.282,73.40%,85,86,87,3.67,3.8,-0.12,3.81,4.1,12768
Luke Weaver,- - -,9.03,2.93,3.08,1.1,0.23,0.08,0.16,0.257,1.34,0.316,72.00%,104,93,95,4.21,3.82,0.39,3.96,4.08,16918
David Price,Red Sox,9.58,2.66,3.59,1.21,0.26,0.07,0.18,0.237,1.2,0.293,75.10%,81,89,90,3.75,3.82,-0.08,3.94,3.88,3184
Marcus Stroman,- - -,7.38,2.88,2.56,0.89,0.20,0.08,0.12,0.264,1.34,0.312,73.20%,84,86,86,3.65,3.83,-0.18,3.79,4.12,13431
Max Fried,Braves,9.55,3.16,3.03,1.08,0.25,0.08,0.17,0.263,1.37,0.333,75.50%,87,89,78,3.83,3.83,0,3.42,3.85,13743
Eduardo Rodriguez,Red Sox,9.74,3.25,2.99,1.13,0.26,0.09,0.17,0.243,1.3,0.307,76.60%,84,88,93,3.92,3.84,0.09,4.09,4.09,13164
Jon Gray,Rockies,9.26,2.87,3.22,1.16,0.24,0.08,0.17,0.26,1.34,0.323,72.50%,89,85,85,4.31,3.84,0.46,3.61,3.92,14916
Jose Berrios,Twins,8.96,2.67,3.35,1.1,0.24,0.07,0.17,0.235,1.2,0.287,73.50%,85,87,96,3.8,3.87,-0.07,4.22,4.11,14168
Ryan Yarbrough,Rays,7.63,2.18,3.5,1.03,0.21,0.06,0.15,0.236,1.15,0.276,69.30%,94,92,99,4.02,3.88,0.14,4.33,4.11,16502
Rich Hill,Dodgers,10.68,2.97,3.59,1.32,0.29,0.08,0.21,0.21,1.11,0.267,80.80%,82,94,88,3.3,3.89,-0.59,3.72,3.6,4806
Lance Lynn,- - -,9.14,3.48,2.63,1.01,0.24,0.09,0.15,0.241,1.31,0.3,74.30%,87,89,96,3.9,3.9,0,4.19,4.29,2520
Joe Musgrove,- - -,8.09,2.05,3.94,1.16,0.21,0.05,0.16,0.256,1.24,0.302,67.60%,106,91,95,4.42,3.91,0.51,4.12,4.12,12970
German Marquez,Rockies,9.34,2.39,3.91,1.32,0.25,0.06,0.18,0.254,1.26,0.31,72.60%,88,87,83,4.28,3.92,0.36,3.57,3.78,15038
Chris Archer,- - -,10.63,3.15,3.38,1.36,0.28,0.08,0.19,0.251,1.33,0.323,72.00%,106,92,85,4.43,3.92,0.51,3.69,3.78,6345
Luis Castillo,Reds,9.79,3.2,3.06,1.22,0.27,0.09,0.18,0.216,1.16,0.267,75.20%,85,91,83,3.68,3.94,-0.26,3.55,3.84,15689
Madison Bumgarner,Giants,8.29,2.13,3.9,1.22,0.22,0.06,0.17,0.238,1.15,0.28,76.50%,87,97,99,3.57,3.94,-0.37,4.26,4.17,5524
Michael Lorenzen,Reds,7.97,3.49,2.28,0.87,0.21,0.09,0.12,0.238,1.29,0.286,76.20%,80,90,96,3.49,3.94,-0.45,4.11,4.11,14843
Marco Gonzales,- - -,7.12,2.17,3.27,1.05,0.19,0.06,0.13,0.271,1.32,0.314,70.80%,98,91,100,4.2,3.95,0.25,4.43,4.51,15467
Jose Quintana,- - -,8.71,2.95,2.95,1.15,0.23,0.08,0.15,0.251,1.31,0.304,71.20%,101,92,94,4.28,3.96,0.32,4.03,4.22,11423
Tyler Skaggs,Angels,8.78,2.98,2.95,1.12,0.23,0.08,0.15,0.258,1.33,0.316,72.30%,99,91,95,4.25,3.96,0.29,4.15,4.22,10190
Zack Godley,- - -,8.89,3.72,2.39,0.95,0.23,0.10,0.13,0.244,1.35,0.303,69.40%,105,94,95,4.51,3.97,0.54,4.04,4.24,14862
Dallas Keuchel,- - -,7.17,2.8,2.56,0.95,0.19,0.07,0.12,0.247,1.27,0.287,76.70%,82,93,86,3.48,3.97,-0.49,3.73,4.05,9434
Brad Keller,Royals,6.42,3.53,1.82,0.65,0.17,0.09,0.08,0.247,1.33,0.288,74.40%,81,92,105,3.68,3.98,-0.3,4.63,4.91,15734
Brent Suter,Brewers,7.29,1.88,3.88,1.21,0.20,0.05,0.15,0.249,1.18,0.284,75.10%,88,95,96,3.67,4,-0.34,4.05,4.17,13942
Mike Minor,- - -,8.53,2.6,3.28,1.22,0.23,0.07,0.16,0.231,1.16,0.274,77.30%,75,88,99,3.62,4.03,-0.41,4.4,4.18,10021
Gio Gonzalez,- - -,8.11,3.84,2.11,0.92,0.21,0.10,0.11,0.231,1.3,0.278,77.20%,82,94,103,3.53,4.04,-0.51,4.36,4.62,7448
Michael Fulmer,Tigers,6.79,2.61,2.6,0.97,0.18,0.07,0.11,0.245,1.23,0.28,66.80%,96,93,99,4.21,4.05,0.16,4.26,4.47,13218
Yonny Chirinos,Rays,7.63,2.14,3.57,1.21,0.21,0.06,0.15,0.234,1.12,0.268,72.60%,86,95,92,3.71,4.07,-0.35,4.07,4.13,16401
Yu Darvish,- - -,10.81,3,3.61,1.49,0.29,0.08,0.21,0.22,1.16,0.277,76.00%,91,92,82,4.02,4.08,-0.06,3.59,3.68,13074
Robbie Ray,Diamondbacks,12.09,4.4,2.75,1.41,0.32,0.12,0.20,0.214,1.28,0.289,79.70%,86,96,85,3.72,4.09,-0.38,3.67,3.81,11486
Mike Foltynewicz,Braves,8.92,3.25,2.74,1.19,0.23,0.09,0.15,0.234,1.26,0.282,73.90%,92,97,101,3.94,4.11,-0.17,4.3,4.29,10811
Sean Manaea,Athletics,7.17,2.42,2.96,1.08,0.19,0.07,0.13,0.242,1.2,0.276,73.60%,89,97,101,3.74,4.12,-0.38,4.39,4.43,15873
Jared Hughes,- - -,6.91,3.18,2.18,0.9,0.19,0.09,0.11,0.218,1.13,0.251,79.00%,68,95,89,2.96,4.15,-1.18,3.83,3.8,9325
Tyler Glasnow,- - -,10.29,4.26,2.41,1.23,0.27,0.11,0.16,0.237,1.37,0.304,70.20%,109,99,91,4.53,4.16,0.37,3.91,4.04,14374
Sean Newcomb,Braves,9.02,4.52,1.99,0.97,0.23,0.12,0.12,0.235,1.4,0.291,75.80%,91,100,105,3.87,4.17,-0.3,4.45,4.58,16943
Luis Perdomo,Padres,6.81,3.37,2.02,0.87,0.17,0.09,0.09,0.282,1.49,0.328,66.90%,118,98,100,4.88,4.18,0.7,4.29,4.47,14682
Jeff Samardzija,Giants,7.78,2.22,3.5,1.33,0.21,0.06,0.15,0.241,1.18,0.275,70.70%,103,103,103,4.23,4.21,0.03,4.46,4.39,3254
Masahiro Tanaka,Yankees,8.75,2.02,4.33,1.53,0.23,0.05,0.18,0.252,1.21,0.294,72.90%,98,94,85,4.34,4.22,0.12,3.73,3.84,15764
Joey Lucchesi,Padres,9.29,3.03,3.06,1.41,0.25,0.08,0.17,0.238,1.25,0.286,75.30%,101,100,92,4.14,4.24,-0.1,3.96,4.1,19320
Jon Lester,Cubs,8.33,2.97,2.81,1.28,0.22,0.08,0.14,0.266,1.37,0.316,73.50%,95,100,99,4.03,4.25,-0.22,4.21,4.37,4930
Matt Strahm,- - -,9.57,2.78,3.45,1.45,0.25,0.07,0.18,0.235,1.21,0.284,76.70%,96,100,99,4.06,4.27,-0.21,4.3,3.89,13799
Bryan Shaw,- - -,8.19,3.5,2.34,1.15,0.21,0.09,0.12,0.264,1.42,0.315,66.50%,101,95,95,4.82,4.28,0.55,4.1,4.05,8110
Michael Pineda,- - -,8.62,1.82,4.73,1.6,0.23,0.05,0.18,0.256,1.21,0.296,73.80%,92,94,89,4.16,4.28,-0.12,4.03,4.04,5372
Jake Odorizzi,- - -,9.01,3.55,2.54,1.27,0.24,0.09,0.14,0.229,1.27,0.275,72.40%,93,99,108,4.05,4.29,-0.24,4.76,4.5,6397
Trevor Richards,- - -,8.84,3.78,2.34,1.17,0.23,0.10,0.13,0.246,1.37,0.299,74.90%,105,103,110,4.23,4.29,-0.06,4.7,4.59,19309
Danny Duffy,Royals,8.04,3.27,2.46,1.19,0.21,0.09,0.12,0.255,1.36,0.3,72.80%,97,100,109,4.35,4.31,0.05,4.81,4.64,3542
Kevin Gausman,- - -,8.4,2.91,2.88,1.33,0.22,0.08,0.14,0.272,1.4,0.323,73.00%,105,97,98,4.61,4.31,0.3,4.21,4.29,14107
Trevor Williams,Pirates,6.87,2.91,2.36,1.08,0.18,0.08,0.10,0.251,1.29,0.284,72.20%,98,101,111,4.13,4.31,-0.18,4.75,4.81,16977
Adam Wainwright,Cardinals,7.76,3.41,2.28,1.1,0.20,0.09,0.11,0.272,1.46,0.321,73.20%,109,102,101,4.56,4.32,0.24,4.38,4.65,2233
J.A. Happ,- - -,8.83,2.71,3.25,1.47,0.23,0.07,0.16,0.242,1.24,0.284,75.70%,91,96,95,4.03,4.33,-0.3,4.2,4.15,7410
Tanner Roark,- - -,8.03,2.82,2.85,1.28,0.21,0.07,0.14,0.261,1.34,0.305,72.30%,103,100,103,4.46,4.35,0.11,4.4,4.43,8753
Eric Lauer,Padres,8.19,3.34,2.45,1.2,0.21,0.08,0.12,0.272,1.46,0.323,72.70%,107,103,109,4.4,4.35,0.05,4.66,4.68,19316
Zach Davies,Brewers,5.94,2.74,2.17,1.04,0.16,0.07,0.08,0.262,1.33,0.29,73.70%,90,100,109,3.91,4.38,-0.47,4.7,4.98,13183
Brett Anderson,- - -,5.05,2.4,2.11,1.01,0.13,0.06,0.07,0.278,1.37,0.301,70.30%,103,100,100,4.48,4.38,0.09,4.47,4.84,8223
Kyle Gibson,Twins,8.04,3.41,2.36,1.22,0.21,0.09,0.12,0.265,1.42,0.313,71.90%,100,100,92,4.44,4.39,0.05,4.01,4.38,10123
Drew Pomeranz,- - -,9.65,4.02,2.4,1.33,0.25,0.10,0.14,0.261,1.46,0.325,76.40%,98,103,99,4.35,4.39,-0.04,4.31,4.34,11426
Anibal Sanchez,- - -,8.23,2.85,2.89,1.39,0.21,0.07,0.14,0.248,1.29,0.286,73.90%,96,101,104,4.17,4.4,-0.23,4.49,4.43,3284
Jake Arrieta,- - -,7.76,3.08,2.52,1.23,0.20,0.08,0.12,0.252,1.32,0.293,71.40%,94,102,99,4,4.4,-0.4,4.2,4.41,4153
Mike Montgomery,- - -,6.64,3.33,1.99,0.99,0.17,0.09,0.09,0.261,1.37,0.298,74.60%,94,103,103,4.01,4.4,-0.39,4.4,4.57,4869
Chad Kuhl,Pirates,8.28,3.9,2.12,1.15,0.21,0.10,0.11,0.264,1.46,0.317,73.50%,107,105,107,4.42,4.41,0.01,4.51,4.64,14975
Cole Hamels,- - -,8.17,3.26,2.51,1.2,0.21,0.09,0.13,0.242,1.28,0.285,74.90%,86,100,101,3.92,4.41,-0.49,4.35,4.43,4972
Matthew Boyd,Tigers,9.3,2.82,3.29,1.54,0.24,0.07,0.17,0.25,1.29,0.297,71.40%,105,99,102,4.7,4.42,0.28,4.48,4.19,15440
Robert Gsellman,Mets,7.25,3.18,2.28,1.09,0.18,0.08,0.10,0.263,1.41,0.302,65.20%,119,105,107,4.78,4.42,0.37,4.59,4.47,13696
Mike Leake,- - -,5.95,1.55,3.84,1.33,0.16,0.04,0.12,0.279,1.29,0.303,70.70%,99,103,98,4.19,4.43,-0.23,4.28,4.45,10130
Michael Wacha,Cardinals,7.96,3.49,2.28,1.24,0.21,0.09,0.12,0.26,1.4,0.305,74.90%,100,105,99,4.13,4.43,-0.3,4.24,4.56,14078
Jason Hammel,Royals,6.94,2.55,2.72,1.29,0.17,0.06,0.11,0.293,1.51,0.331,66.60%,127,105,114,5.59,4.44,1.15,4.95,4.72,4538
Jesse Chavez,- - -,8.18,2.43,3.37,1.53,0.22,0.07,0.15,0.26,1.28,0.299,74.40%,97,100,94,4.37,4.44,-0.08,4.13,4.01,5448
Rick Porcello,Red Sox,8.13,2.23,3.65,1.52,0.21,0.06,0.15,0.267,1.32,0.306,68.80%,104,102,101,4.79,4.45,0.34,4.46,4.29,2717
Ty Blach,- - -,4.89,2.94,1.66,0.96,0.13,0.08,0.05,0.289,1.48,0.313,65.30%,126,110,113,5.21,4.46,0.74,4.83,5.11,14361
Matt Andriese,- - -,8.91,3.06,2.91,1.49,0.23,0.08,0.15,0.263,1.39,0.312,71.00%,114,106,92,4.82,4.48,0.33,4.01,3.95,12022
Kyle Freeland,Rockies,6.98,3.35,2.09,1.15,0.18,0.09,0.09,0.263,1.4,0.299,75.20%,85,100,108,4.14,4.5,-0.35,4.57,4.76,16256
Chris Stratton,- - -,7.47,3.7,2.02,1.19,0.19,0.09,0.10,0.276,1.5,0.32,70.30%,121,111,107,4.92,4.5,0.42,4.53,4.76,13761
Felix Pena,- - -,8.99,3.22,2.79,1.45,0.24,0.08,0.15,0.235,1.26,0.277,70.60%,104,103,98,4.51,4.52,0,4.31,4.12,13403
Jhoulys Chacin,- - -,7.75,3.57,2.17,1.17,0.20,0.09,0.11,0.235,1.29,0.271,72.90%,99,106,109,4.19,4.52,-0.33,4.62,4.7,2608
Domingo German,Yankees,10.11,3,3.37,1.7,0.27,0.08,0.19,0.231,1.23,0.275,73.10%,102,100,92,4.52,4.53,-0.01,4.08,3.91,17149
Daniel Norris,Tigers,8.12,3.13,2.59,1.39,0.21,0.08,0.13,0.276,1.45,0.322,71.70%,110,100,105,4.96,4.53,0.43,4.68,4.61,13475
Lucas Giolito,White Sox,8.81,3.62,2.43,1.34,0.23,0.10,0.14,0.222,1.23,0.261,71.10%,104,102,104,4.48,4.54,-0.06,4.54,4.46,15474
Jaime Garcia,- - -,7.61,4.07,1.87,1.17,0.19,0.10,0.09,0.257,1.45,0.298,67.60%,113,106,104,4.9,4.56,0.33,4.48,4.7,8137
Nick Pivetta,Phillies,9.61,3.39,2.84,1.59,0.25,0.09,0.16,0.266,1.43,0.324,68.40%,126,105,94,5.34,4.56,0.78,3.99,4.09,15454
Wei-Yin Chen,Marlins,7.63,2.84,2.69,1.42,0.20,0.07,0.12,0.261,1.35,0.297,66.50%,130,112,113,5.18,4.57,0.61,4.76,4.51,13071
Chase Anderson,Brewers,7.9,3.04,2.6,1.38,0.21,0.08,0.13,0.226,1.18,0.256,79.60%,85,107,113,3.63,4.57,-0.94,4.79,4.57,6895
Andrew Heaney,Angels,9.85,2.55,3.87,1.79,0.26,0.07,0.19,0.251,1.26,0.299,74.50%,107,105,89,4.61,4.57,0.03,3.89,3.8,15423
Anthony DeSclafani,Reds,8.79,2.52,3.48,1.69,0.23,0.07,0.17,0.246,1.24,0.282,74.70%,100,105,96,4.31,4.59,-0.28,4.12,4.15,13050
Daniel Mengden,Athletics,5.89,2.56,2.31,1.28,0.16,0.07,0.09,0.236,1.19,0.251,71.50%,96,108,114,4.08,4.6,-0.52,4.97,4.98,16980
Wade Miley,- - -,7.37,4.02,1.83,1.13,0.19,0.10,0.09,0.26,1.47,0.3,73.30%,98,103,103,4.33,4.62,-0.29,4.53,4.88,8779
Dereck Rodriguez,Giants,6.63,2.98,2.22,1.24,0.17,0.08,0.10,0.244,1.28,0.269,69.40%,101,115,114,4.1,4.63,-0.53,4.83,4.89,14509
Sandy Alcantara,- - -,7.17,4.13,1.74,1.05,0.19,0.11,0.08,0.236,1.35,0.27,74.90%,93,109,118,3.83,4.63,-0.8,5.14,5.26,18684
Johnny Cueto,Giants,7.78,3.12,2.49,1.37,0.20,0.08,0.12,0.258,1.35,0.296,77.30%,104,115,106,4.24,4.64,-0.39,4.5,4.56,6893
Clayton Richard,- - -,6.3,3.07,2.05,1.17,0.16,0.08,0.08,0.286,1.47,0.32,68.00%,124,110,97,5.14,4.64,0.5,4.13,4.4,3551
Vince Velasquez,Phillies,9.62,3.64,2.64,1.53,0.25,0.09,0.15,0.254,1.39,0.309,71.50%,117,106,104,4.93,4.64,0.29,4.44,4.28,11189
Carlos Rodon,White Sox,8.49,4.13,2.06,1.24,0.22,0.11,0.11,0.229,1.32,0.27,72.30%,101,106,111,4.33,4.66,-0.34,4.79,4.67,16137
CC Sabathia,Yankees,8.08,3.08,2.62,1.47,0.21,0.08,0.13,0.251,1.32,0.287,77.20%,91,104,99,4,4.67,-0.67,4.34,4.43,404
Ivan Nova,- - -,6.04,1.99,3.04,1.43,0.16,0.05,0.11,0.28,1.34,0.304,73.10%,102,108,103,4.36,4.68,-0.32,4.47,4.69,1994
Steven Matz,Mets,8.34,3.05,2.74,1.51,0.22,0.08,0.14,0.254,1.34,0.293,73.50%,111,112,101,4.44,4.69,-0.25,4.29,4.36,13361
Jose Urena,Marlins,6.41,2.96,2.16,1.22,0.17,0.08,0.09,0.248,1.28,0.273,74.30%,103,114,112,4.16,4.69,-0.53,4.76,4.81,11589
Jakob Junis,Royals,8.15,2.52,3.24,1.56,0.21,0.07,0.15,0.265,1.33,0.304,72.50%,104,109,101,4.69,4.69,0,4.47,4.35,13619
Wade LeBlanc,- - -,7.07,2.25,3.14,1.59,0.19,0.06,0.13,0.26,1.28,0.285,72.10%,107,109,105,4.56,4.7,-0.14,4.61,4.41,5221
Zach Eflin,Phillies,7.26,2.45,2.96,1.52,0.19,0.06,0.12,0.268,1.34,0.299,71.10%,107,107,107,4.58,4.7,-0.12,4.58,4.59,13774
Alex Cobb,- - -,6.23,2.33,2.67,1.44,0.16,0.06,0.10,0.27,1.33,0.292,71.80%,104,108,101,4.47,4.72,-0.25,4.36,4.56,6562
Jordan Lyles,- - -,8.6,3.17,2.71,1.6,0.22,0.08,0.14,0.262,1.39,0.305,71.10%,115,109,104,4.98,4.72,0.26,4.46,4.32,7593
Homer Bailey,- - -,7.26,3.19,2.27,1.37,0.18,0.08,0.10,0.283,1.51,0.321,67.50%,125,109,107,5.49,4.73,0.76,4.63,4.81,8362
Antonio Senzatela,Rockies,6.36,3.45,1.84,1.21,0.16,0.09,0.07,0.275,1.48,0.306,67.50%,108,104,108,5.33,4.76,0.57,4.62,4.91,15488
Steven Brault,Pirates,7.7,4.66,1.65,1.05,0.19,0.12,0.08,0.258,1.53,0.303,70.40%,117,112,120,4.88,4.76,0.12,5.11,5.03,15291
Ian Kennedy,Royals,8.25,3.15,2.62,1.6,0.22,0.08,0.13,0.253,1.34,0.288,71.90%,107,112,109,4.75,4.76,-0.01,4.76,4.47,6986
Dylan Bundy,Orioles,8.91,2.92,3.06,1.72,0.23,0.08,0.16,0.255,1.32,0.295,71.10%,108,104,103,4.83,4.76,0.07,4.54,4.29,12917
Sal Romano,Reds,7.01,3.54,1.98,1.3,0.18,0.09,0.09,0.269,1.47,0.302,67.80%,122,112,112,5.17,4.77,0.39,4.66,4.77,13690
Jason Vargas,- - -,7.31,3.23,2.26,1.41,0.19,0.08,0.11,0.257,1.36,0.288,72.70%,111,112,115,4.64,4.78,-0.15,5,4.87,8044
Dakota Hudson,Cardinals,6.91,4.63,1.49,0.98,0.18,0.12,0.06,0.235,1.4,0.269,77.80%,77,111,105,3.25,4.78,-1.53,4.58,5.07,19206
Caleb Smith,- - -,9.89,3.72,2.66,1.7,0.26,0.10,0.16,0.224,1.26,0.264,73.60%,113,114,113,4.66,4.79,-0.14,4.87,4.44,14875
Julio Teheran,Braves,7.94,3.99,1.99,1.32,0.21,0.10,0.10,0.226,1.29,0.257,75.00%,95,114,116,4.09,4.82,-0.72,4.98,4.89,6797
Matt Moore,- - -,7.64,3.43,2.23,1.45,0.19,0.08,0.10,0.282,1.54,0.322,65.50%,133,114,117,5.78,4.82,0.96,5.02,4.73,1890
Tyler Anderson,Rockies,8.53,3.06,2.79,1.72,0.22,0.08,0.14,0.259,1.35,0.297,70.00%,108,109,100,5.16,4.82,0.33,4.17,4.26,12880
Francisco Liriano,- - -,7.72,4.82,1.6,1.14,0.20,0.12,0.07,0.253,1.51,0.296,68.70%,108,111,112,4.67,4.83,-0.16,4.87,4.99,3201
Reynaldo Lopez,White Sox,7.49,3.3,2.27,1.43,0.19,0.09,0.11,0.254,1.36,0.286,71.30%,107,108,120,4.65,4.83,-0.18,5.3,4.95,16400
Andrew Cashner,- - -,5.61,3.58,1.57,1.13,0.15,0.09,0.05,0.262,1.41,0.285,71.00%,96,107,118,4.43,4.86,-0.43,5.2,5.36,8782
Tyler Mahle,Reds,8.7,3.37,2.58,1.62,0.22,0.09,0.13,0.268,1.44,0.313,72.30%,113,112,102,4.88,4.86,0.02,4.33,4.44,16358
Martin Perez,- - -,6.24,3.43,1.82,1.28,0.16,0.09,0.07,0.295,1.58,0.327,68.40%,111,107,107,5.21,4.86,0.34,4.75,5.04,6902
Junior Guerra,Brewers,8.54,4.09,2.09,1.46,0.22,0.11,0.12,0.233,1.34,0.269,74.80%,99,114,111,4.18,4.88,-0.7,4.69,4.57,5702
Joe Biagini,- - -,7.37,3.23,2.28,1.51,0.19,0.08,0.11,0.285,1.5,0.323,69.10%,122,110,98,5.34,4.9,0.44,4.3,4.33,13194
Trevor Cahill,- - -,8.14,3.8,2.14,1.49,0.21,0.10,0.11,0.255,1.41,0.293,71.20%,112,113,99,4.86,4.93,-0.07,4.35,4.48,6249
Miguel Castro,Orioles,6.61,4.74,1.4,1.08,0.17,0.12,0.05,0.227,1.37,0.252,73.40%,90,108,118,4.06,4.93,-0.87,5.15,5.06,15684
Josh Tomlin,- - -,6.38,1.02,6.24,1.92,0.17,0.03,0.14,0.287,1.28,0.303,72.70%,109,114,106,4.92,4.95,-0.03,4.63,4.42,9388
Sam Gaviglio,- - -,7.42,2.64,2.81,1.69,0.19,0.07,0.13,0.26,1.32,0.286,71.30%,111,113,100,4.84,4.95,-0.11,4.37,4.31,12778
Jordan Zimmermann,Tigers,6.6,2.12,3.12,1.7,0.17,0.05,0.11,0.294,1.45,0.32,65.60%,130,112,112,5.8,4.97,0.83,4.91,4.8,4505
Tyler Chatwood,- - -,7.66,5.73,1.33,1.02,0.19,0.15,0.05,0.241,1.53,0.284,73.80%,104,115,110,4.66,5,-0.33,4.67,5.17,4338
Tyson Ross,- - -,7.04,4.5,1.56,1.19,0.18,0.11,0.06,0.25,1.47,0.283,67.00%,122,118,114,5.19,5.01,0.19,4.81,5.07,7872
Adam Conley,Marlins,7.36,3.74,1.97,1.43,0.19,0.09,0.09,0.268,1.48,0.303,65.60%,141,120,119,5.76,5.02,0.74,5.13,4.83,14457
Mike Fiers,- - -,7.25,2.68,2.7,1.66,0.19,0.07,0.12,0.25,1.26,0.272,78.40%,97,116,109,4.18,5.03,-0.85,4.79,4.65,7754
Chad Bettis,Rockies,5.94,3.09,1.92,1.41,0.15,0.08,0.07,0.274,1.43,0.296,67.10%,110,114,110,5.31,5.06,0.25,4.65,4.77,10587
Ervin Santana,- - -,6.79,2.74,2.47,1.66,0.18,0.07,0.11,0.237,1.22,0.251,77.20%,93,115,117,4.08,5.09,-1.01,5.15,4.84,3200
Aaron Sanchez,- - -,7.44,4.82,1.54,1.22,0.18,0.12,0.06,0.271,1.61,0.313,68.90%,119,114,115,5.29,5.12,0.17,5.1,5.25,11490
Marco Estrada,- - -,7.39,3.29,2.25,1.71,0.19,0.08,0.11,0.259,1.4,0.284,70.40%,124,117,129,5.37,5.14,0.23,5.59,5.13,1118
Jaime Barria,Angels,7.34,3.14,2.34,1.74,0.19,0.08,0.11,0.255,1.33,0.277,77.10%,105,119,117,4.58,5.22,-0.64,5.12,4.81,18356
Derek Holland,- - -,8.18,4.31,1.9,1.61,0.21,0.11,0.10,0.257,1.48,0.292,71.20%,122,125,115,5.02,5.24,-0.22,4.92,4.85,4141
Felix Hernandez,Mariners,7.45,3.15,2.36,1.75,0.19,0.08,0.11,0.265,1.4,0.291,66.80%,129,124,105,5.42,5.32,0.1,4.6,4.6,4772
Bartolo Colon,- - -,5.29,1.87,2.83,1.87,0.13,0.05,0.09,0.3,1.47,0.31,63.70%,136,122,114,6.13,5.34,0.78,4.9,4.95,375
Jeremy Hellickson,- - -,5.84,2.66,2.2,1.68,0.15,0.07,0.08,0.249,1.26,0.256,68.00%,113,122,121,4.92,5.36,-0.43,5.19,5.1,4371
James Shields,White Sox,7.19,3.67,1.96,1.71,0.19,0.09,0.09,0.246,1.36,0.265,72.10%,113,123,119,4.78,5.36,-0.58,5.13,4.94,7059
Dan Straily,- - -,7.73,3.43,2.25,1.87,0.20,0.09,0.11,0.259,1.39,0.283,74.40%,119,128,120,4.96,5.41,-0.45,5.13,4.83,9460
Matt Harvey,- - -,6.94,3.31,2.1,1.79,0.17,0.08,0.09,0.274,1.47,0.297,68.60%,142,128,113,5.89,5.46,0.43,4.81,4.88,11713
Yovani Gallardo,- - -,6.08,4.28,1.42,1.52,0.15,0.11,0.05,0.276,1.56,0.296,67.40%,137,126,121,6,5.48,0.52,5.24,5.39,8173
Hector Santiago,- - -,8.48,4.94,1.72,1.7,0.21,0.12,0.09,0.263,1.58,0.301,75.30%,120,126,130,5.2,5.54,-0.34,5.66,5.01,4026
Dylan Covey,White Sox,6.22,4.1,1.52,1.62,0.15,0.10,0.05,0.284,1.6,0.305,61.60%,152,125,113,6.54,5.57,0.98,4.96,5.16,14825
Edwin Jackson,- - -,6.87,3.74,1.84,2.1,0.17,0.09,0.08,0.279,1.54,0.294,67.80%,129,136,122,5.73,5.99,-0.26,5.33,5.17,1841