Name,Team,G,PA,HR,R,RBI,SB,BB%,K%,ISO,BABIP,AVG,OBP,SLG,wOBA,wRC+,BsR,Off,Def,WAR,playerid
Mike Trout,Angels,388,1715,117,303,255,57,0.19,0.20,0.331,0.321,0.303,0.447,0.634,0.44,184,16.2,193.1,0.4,25.2,10155
Mookie Betts,Red Sox,439,2032,85,365,262,72,0.13,0.13,0.236,0.31,0.299,0.389,0.535,0.387,140,21.7,121.2,32.2,22.4,13611
Christian Yelich,- - -,433,1926,98,318,288,68,0.12,0.20,0.25,0.354,0.311,0.398,0.562,0.401,151,21.1,145.8,-7.7,20,11477
Anthony Rendon,Nationals,429,1848,83,286,318,14,0.12,0.14,0.247,0.32,0.31,0.397,0.556,0.397,145,7,113.5,26.3,19.9,12861
Alex Bregman,Astros,468,2021,91,315,286,32,0.13,0.13,0.244,0.294,0.289,0.391,0.533,0.39,150,1.6,126.7,-0.2,19.5,17678
Aaron Judge,Yankees,369,1623,106,280,236,18,0.17,0.31,0.293,0.361,0.279,0.401,0.572,0.405,157,1.8,116.7,8.6,18,15640
Jose Ramirez,Indians,438,1885,91,285,271,75,0.11,0.12,0.259,0.277,0.283,0.365,0.542,0.377,134,18.8,96.9,17,17.9,13510
Francisco Lindor,Indians,460,2122,103,329,255,62,0.08,0.14,0.236,0.281,0.278,0.342,0.514,0.357,121,4,57.4,46.7,17.7,12916
Nolan Arenado,Rockies,470,2015,116,306,358,8,0.10,0.16,0.27,0.315,0.307,0.375,0.577,0.392,130,2.9,79.9,29.4,17.4,9777
Jose Altuve,Astros,414,1809,68,285,216,55,0.09,0.14,0.195,0.344,0.321,0.385,0.517,0.382,145,3.7,103.8,-5.9,16,5417
Matt Chapman,Athletics,385,1612,74,241,199,2,0.10,0.24,0.243,0.301,0.257,0.341,0.5,0.355,127,5.5,59.1,40.8,15.5,16505
Cody Bellinger,Dodgers,450,1840,111,292,288,39,0.12,0.22,0.282,0.305,0.278,0.368,0.559,0.38,140,7.5,103.8,-7.5,15.4,15998
J.T. Realmuto,- - -,411,1703,63,234,222,20,0.07,0.20,0.199,0.313,0.277,0.333,0.476,0.341,113,11.8,39.7,55.7,15,11739
Xander Bogaerts,Red Sox,439,1913,66,276,282,27,0.10,0.18,0.203,0.328,0.291,0.363,0.494,0.362,123,7.6,62.9,21.3,14.9,12161
Yasmani Grandal,- - -,422,1632,74,194,203,7,0.14,0.24,0.22,0.284,0.244,0.349,0.464,0.347,117,-15.5,18.9,68.5,14,11368
George Springer,Astros,402,1805,95,310,252,17,0.11,0.19,0.233,0.301,0.279,0.365,0.512,0.371,137,-2.2,82,-3,13.9,12856
Kris Bryant,Cubs,400,1756,73,278,202,13,0.12,0.22,0.227,0.335,0.284,0.39,0.511,0.382,137,8,91.1,-8.3,13.9,15429
Freddie Freeman,Braves,437,1913,89,291,290,24,0.12,0.19,0.239,0.338,0.303,0.392,0.543,0.389,141,2,102.1,-27.3,13.6,5361
Tommy Pham,- - -,410,1754,65,274,204,65,0.13,0.22,0.191,0.339,0.284,0.381,0.475,0.367,132,8,79.6,-2,13.6,2967
Paul Goldschmidt,- - -,474,2037,103,309,300,28,0.13,0.24,0.241,0.334,0.282,0.379,0.523,0.378,134,9,97.6,-29.6,13.4,9218
Marcus Semien,Athletics,406,1836,58,265,202,36,0.10,0.17,0.178,0.296,0.265,0.34,0.444,0.335,113,8.4,39.6,30.1,13.1,12533
Justin Turner,Dodgers,368,1518,62,214,190,11,0.10,0.13,0.211,0.32,0.307,0.397,0.519,0.388,145,0.9,88,-6.8,13,5235
J.D. Martinez,- - -,415,1795,124,294,339,12,0.11,0.23,0.306,0.35,0.313,0.388,0.619,0.413,158,-14.4,113.7,-46.4,12.9,6184
Bryce Harper,- - -,427,1869,98,296,301,32,0.16,0.24,0.256,0.317,0.272,0.391,0.528,0.382,136,-0.9,85.6,-17.1,12.8,11579
Trevor Story,Rockies,447,1867,96,267,275,57,0.08,0.29,0.253,0.347,0.276,0.341,0.53,0.364,112,8.7,35.9,27.7,12.3,12564
Eugenio Suarez,Reds,458,1900,109,253,289,8,0.12,0.25,0.249,0.314,0.271,0.364,0.521,0.371,128,-11.7,55.7,6,12.3,12552
Andrelton Simmons,Angels,407,1671,32,192,184,39,0.06,0.09,0.125,0.29,0.28,0.328,0.405,0.316,99,1.4,-1.7,65.4,12.2,10847
Javier Baez,Cubs,443,1714,86,265,271,42,0.05,0.27,0.243,0.346,0.282,0.32,0.525,0.348,115,9,42,23.8,12.1,12979
Giancarlo Stanton,- - -,335,1469,100,233,245,7,0.11,0.27,0.291,0.316,0.274,0.361,0.566,0.384,143,-2.8,76.7,-6.2,12,4949
Manny Machado,- - -,474,2060,102,246,287,28,0.09,0.17,0.22,0.282,0.271,0.337,0.491,0.347,117,-5.4,36.8,11.6,11.7,11493
Charlie Blackmon,Rockies,455,2055,98,368,260,28,0.08,0.18,0.248,0.345,0.312,0.374,0.559,0.39,128,-1.1,73.8,-25.7,11.4,7859
Lorenzo Cain,- - -,444,1888,36,251,135,74,0.09,0.16,0.121,0.332,0.289,0.361,0.41,0.336,107,10.3,26.1,24.9,11.4,9077
Josh Donaldson,- - -,320,1374,78,191,195,8,0.15,0.23,0.262,0.293,0.261,0.377,0.523,0.379,136,-0.4,62.9,6.1,11.3,5038
Michael Conforto,Mets,413,1726,88,240,242,12,0.13,0.24,0.235,0.299,0.257,0.363,0.492,0.361,129,4.4,68.6,-12.5,11.1,16376
Trea Turner,Nationals,382,1756,49,274,175,124,0.08,0.19,0.168,0.329,0.283,0.345,0.451,0.341,108,22.7,41.8,12.2,11.1,16252
Anthony Rizzo,Cubs,456,1969,84,262,304,21,0.12,0.13,0.216,0.288,0.282,0.391,0.498,0.376,133,-15.3,69,-22.7,10.9,3473
Whit Merrifield,Royals,465,2072,47,273,212,99,0.07,0.16,0.155,0.337,0.298,0.348,0.454,0.341,112,13.4,43.1,-5.9,10.9,11281
Joey Votto,Reds,449,1938,63,252,214,12,0.16,0.16,0.183,0.322,0.289,0.412,0.473,0.379,133,-17.3,63.7,-20.4,10.6,4314
Nelson Cruz,- - -,419,1757,117,242,324,2,0.10,0.22,0.278,0.307,0.284,0.369,0.562,0.386,147,-13.2,89.3,-43,10.6,2434
Paul DeJong,Cardinals,382,1597,74,220,211,11,0.08,0.25,0.216,0.292,0.251,0.318,0.467,0.332,107,2.6,17.5,36.5,10.5,18015
Ketel Marte,Diamondbacks,370,1463,51,195,169,19,0.09,0.14,0.207,0.309,0.29,0.358,0.497,0.36,122,4.2,46.3,12.2,10.4,13613
Marcell Ozuna,- - -,437,1856,89,242,301,16,0.09,0.20,0.206,0.311,0.281,0.345,0.487,0.352,121,0.7,51.2,-7,10.4,10324
Ozzie Albies,Braves,375,1630,54,241,186,37,0.07,0.16,0.194,0.307,0.279,0.332,0.473,0.34,109,13.1,32.5,18.1,10.3,16556
Brett Gardner,Yankees,432,1841,61,277,182,49,0.10,0.18,0.18,0.28,0.251,0.334,0.431,0.328,105,19.5,31.9,8.2,10.2,9927
Max Muncy,Dodgers,278,1070,70,176,177,7,0.16,0.26,0.289,0.29,0.256,0.381,0.545,0.388,146,7.9,70.6,-4.8,10,13301
Carlos Correa,Astros,294,1270,60,184,208,6,0.11,0.22,0.224,0.315,0.278,0.357,0.502,0.361,130,2,50.3,6.4,9.9,14162
Didi Gregorius,Yankees,352,1483,68,209,234,15,0.06,0.13,0.207,0.265,0.268,0.315,0.475,0.332,108,6.5,20.4,26.4,9.8,6012
Corey Seager,Dodgers,305,1269,43,180,177,5,0.10,0.19,0.19,0.325,0.283,0.355,0.473,0.35,119,6.5,38.2,19.3,9.8,13624
Chris Taylor,Dodgers,419,1586,50,222,187,34,0.09,0.27,0.199,0.351,0.268,0.34,0.468,0.343,116,13.6,45.8,-0.9,9.6,13757
Matt Carpenter,Cardinals,430,1791,74,261,196,12,0.15,0.23,0.219,0.284,0.243,0.367,0.462,0.353,122,1.9,51.2,-15.2,9.5,8090
Matt Olson,Athletics,348,1423,89,191,220,2,0.10,0.25,0.262,0.288,0.256,0.344,0.518,0.361,131,-4.5,50.9,-4.8,9.4,14344
Aaron Hicks,Yankees,284,1197,54,185,167,22,0.14,0.21,0.214,0.277,0.25,0.359,0.464,0.353,123,9.5,42.6,10.1,9.4,5297
DJ LeMahieu,- - -,428,1918,49,294,228,17,0.07,0.14,0.147,0.334,0.306,0.358,0.452,0.347,106,-6.8,8.9,22.3,9.4,9874
Ronald Acuna Jr.,Braves,267,1202,67,205,165,53,0.10,0.26,0.246,0.343,0.285,0.365,0.532,0.376,133,10.8,61.6,-6.4,9.3,18401
Michael Brantley,- - -,381,1643,48,224,218,26,0.08,0.11,0.169,0.321,0.307,0.366,0.476,0.358,124,5.4,54.7,-19,9.2,4106
Tyler Flowers,Braves,266,976,31,111,113,0,0.10,0.27,0.161,0.322,0.248,0.348,0.409,0.33,102,-2.7,-0.8,60.1,9.1,9134
Carlos Santana,- - -,473,2032,81,282,258,11,0.15,0.15,0.205,0.266,0.256,0.371,0.462,0.354,119,2.2,51.2,-28.1,9.1,2396
Eduardo Escobar,- - -,438,1829,79,231,275,12,0.07,0.19,0.221,0.29,0.266,0.322,0.486,0.337,109,4.6,24.3,4.9,8.9,6153
Jean Segura,- - -,413,1816,33,250,168,52,0.05,0.12,0.126,0.322,0.294,0.337,0.421,0.325,104,5.8,14.4,14.1,8.9,5933
Yoan Moncada,White Sox,335,1440,50,187,162,25,0.09,0.31,0.194,0.367,0.266,0.339,0.46,0.34,116,7.4,36.1,4.8,8.9,17232
Buster Posey,Giants,359,1461,24,152,146,9,0.10,0.13,0.119,0.322,0.289,0.363,0.408,0.333,109,-10.6,5.3,36.5,8.9,9166
Kolten Wong,Cardinals,383,1367,24,157,139,38,0.09,0.15,0.135,0.311,0.274,0.357,0.409,0.329,105,11.1,20.6,22.8,8.7,12532
Joey Gallo,Rangers,363,1406,103,221,221,14,0.14,0.37,0.316,0.271,0.217,0.336,0.533,0.363,120,9.9,44.8,-6.2,8.6,14128
Max Kepler,Twins,437,1775,75,245,217,11,0.10,0.17,0.211,0.251,0.239,0.322,0.451,0.329,104,2.1,12.5,13.1,8.6,12144
Jed Lowrie,- - -,319,1333,37,164,168,0,0.11,0.17,0.175,0.308,0.27,0.355,0.445,0.346,121,-1.2,32.3,7,8.5,4418
Juan Soto,Nationals,266,1153,56,187,180,17,0.16,0.20,0.248,0.323,0.287,0.403,0.535,0.393,143,1.5,65.2,-16.8,8.5,20123
Andrew Benintendi,Red Sox,437,1934,49,259,245,51,0.10,0.19,0.164,0.32,0.276,0.354,0.44,0.34,108,8.4,28.1,-10.6,8.4,17901
Gary Sanchez,Yankees,317,1345,85,192,220,3,0.09,0.25,0.257,0.256,0.238,0.32,0.495,0.343,115,-2.9,22.3,15.5,8.3,11442
Mitch Haniger,Mariners,316,1376,57,194,172,17,0.10,0.23,0.216,0.322,0.271,0.351,0.486,0.356,128,-2,45,-11.8,8.1,14274
Starling Marte,Pirates,354,1531,50,226,185,79,0.05,0.17,0.175,0.317,0.284,0.334,0.458,0.337,110,8.2,27.6,3.7,8.1,9241
Kyle Seager,Mariners,415,1723,72,189,229,6,0.08,0.19,0.199,0.254,0.236,0.304,0.436,0.314,99,-2.4,-4.1,26.2,8,9785
Justin Upton,- - -,360,1504,77,214,234,23,0.11,0.29,0.231,0.32,0.257,0.345,0.488,0.354,124,3.6,47,-18.6,8,5222
Andrew McCutchen,- - -,370,1594,58,222,182,27,0.13,0.20,0.19,0.304,0.265,0.368,0.455,0.354,122,-3.8,39.6,-12.3,7.9,9847
Rafael Devers,Red Sox,335,1432,63,222,211,16,0.07,0.21,0.219,0.321,0.282,0.335,0.501,0.349,114,4.7,31.1,-1.9,7.7,17350
Brian Dozier,- - -,438,1819,75,241,215,31,0.12,0.21,0.2,0.271,0.243,0.335,0.443,0.333,107,1.4,16.2,0.1,7.6,9810
David Peralta,Diamondbacks,385,1614,56,205,201,12,0.08,0.19,0.187,0.33,0.288,0.349,0.476,0.351,115,-0.2,29.7,-7.2,7.5,2136
Kyle Schwarber,Cubs,421,1606,94,213,212,7,0.13,0.28,0.257,0.27,0.234,0.337,0.492,0.345,113,-1.6,25.5,-3.5,7.4,16478
Jose Abreu,White Sox,443,1921,88,248,303,7,0.06,0.20,0.226,0.316,0.286,0.337,0.512,0.354,124,-8.8,49,-40.7,7.4,15676
Jeff McNeil,Mets,196,815,26,118,94,12,0.06,0.12,0.192,0.344,0.321,0.383,0.513,0.379,141,2.6,46,1.1,7.3,15362
Mike Moustakas,- - -,443,1817,101,221,267,7,0.08,0.16,0.239,0.258,0.259,0.319,0.498,0.34,110,-9.5,14,-1.4,7.2,4892
Nicholas Castellanos,- - -,465,2007,76,261,263,8,0.07,0.22,0.218,0.337,0.287,0.337,0.505,0.354,121,0.7,52.7,-48.3,7.2,11737
Eddie Rosario,Twins,426,1771,83,257,264,20,0.05,0.17,0.211,0.3,0.284,0.317,0.495,0.339,112,7.4,32.5,-21.8,7.2,12155
Cesar Hernandez,Phillies,450,1952,38,253,165,43,0.10,0.18,0.122,0.326,0.274,0.353,0.396,0.326,100,2.4,2.8,6,7.2,10556
Rhys Hoskins,Phillies,363,1577,81,212,229,9,0.15,0.23,0.255,0.266,0.239,0.364,0.494,0.363,125,1.3,51.5,-30.7,7.1,16472
Mike Zunino,- - -,327,1129,54,119,140,1,0.07,0.36,0.212,0.286,0.211,0.28,0.422,0.3,90,-3.4,-18.2,49.9,7,13265
Jorge Polanco,Twins,363,1581,41,205,195,24,0.08,0.16,0.167,0.314,0.28,0.339,0.447,0.334,108,5,20.3,-3.6,7,13152
Brandon Nimmo,Mets,278,1004,30,137,97,14,0.16,0.27,0.198,0.339,0.252,0.391,0.45,0.366,133,4.3,45.6,-8.5,7,12927
Marwin Gonzalez,- - -,393,1530,54,180,213,11,0.09,0.21,0.18,0.318,0.271,0.341,0.451,0.338,114,-1.9,23.7,-6.4,6.9,5497
Ender Inciarte,Braves,379,1608,26,206,142,57,0.08,0.14,0.116,0.313,0.28,0.339,0.396,0.318,94,11,-0.4,16.2,6.8,4922
Robinson Cano,- - -,337,1419,46,169,186,1,0.08,0.14,0.171,0.298,0.279,0.338,0.45,0.334,112,-4.2,15.9,3.8,6.8,3269
Elvis Andrus,Rangers,402,1765,38,234,193,61,0.06,0.15,0.139,0.31,0.279,0.321,0.418,0.316,87,10.1,-17.8,23,6.5,8709
Brian Anderson,Marlins,307,1285,31,155,139,7,0.09,0.21,0.158,0.325,0.267,0.349,0.425,0.335,112,-0.6,18.5,5.3,6.5,18289
Todd Frazier,- - -,395,1547,66,191,202,14,0.11,0.22,0.196,0.251,0.226,0.326,0.421,0.322,103,-4,2.5,11.8,6.5,785
Joc Pederson,Dodgers,399,1280,72,192,165,6,0.10,0.21,0.26,0.249,0.24,0.331,0.5,0.349,120,2.2,34.6,-11.6,6.4,11899
Kevin Kiermaier,Rays,315,1268,36,160,123,45,0.07,0.23,0.167,0.292,0.241,0.299,0.407,0.301,90,10.7,-5.7,26.2,6.4,11038
Jackie Bradley Jr.,Red Sox,424,1643,51,203,184,33,0.09,0.25,0.174,0.292,0.234,0.318,0.409,0.312,90,11.2,-10,17.2,6.4,12984
Corey Dickerson,- - -,363,1441,52,182,176,13,0.05,0.20,0.206,0.337,0.293,0.33,0.499,0.346,118,-4.1,27.7,-11.8,6.4,10762
Travis Shaw,Brewers,382,1463,70,179,203,15,0.12,0.23,0.216,0.268,0.239,0.335,0.456,0.336,106,-1.5,8.8,6.2,6.3,11982
Christian Vazquez,Red Sox,317,1135,31,133,120,15,0.06,0.18,0.145,0.301,0.264,0.309,0.409,0.306,85,-8.7,-29.5,54.2,6.3,9774
Scooter Gennett,- - -,337,1274,52,181,200,7,0.06,0.22,0.193,0.345,0.295,0.339,0.487,0.35,115,-2.3,21.4,-1.7,6.2,10339
Avisail Garcia,- - -,354,1476,57,183,201,18,0.06,0.23,0.185,0.344,0.288,0.337,0.473,0.342,117,-2.9,27.9,-16.7,6.1,5760
Yuli Gurriel,Astros,419,1749,62,224,264,13,0.05,0.11,0.19,0.301,0.296,0.333,0.486,0.344,119,-4.9,37.3,-36,6,19198
Yasiel Puig,- - -,426,1625,75,208,221,49,0.09,0.20,0.212,0.29,0.265,0.334,0.478,0.342,112,-8.3,16.9,-10,6,14225
Yadier Molina,Cardinals,372,1498,48,160,213,19,0.05,0.13,0.157,0.279,0.268,0.313,0.426,0.314,96,-12.3,-20.8,32.1,6,7007
Byron Buxton,Twins,255,900,26,125,101,48,0.07,0.27,0.177,0.318,0.245,0.3,0.423,0.306,88,17.5,5,24.4,5.9,14161
Asdrubal Cabrera,- - -,413,1646,55,203,225,7,0.09,0.19,0.178,0.3,0.267,0.336,0.445,0.334,107,-12.7,1.9,2.3,5.8,4962
Edwin Encarnacion,- - -,403,1734,104,251,300,5,0.13,0.21,0.251,0.26,0.25,0.354,0.501,0.361,125,-12.5,41.3,-41.8,5.8,2151
Martin Maldonado,- - -,362,1249,35,128,109,0,0.05,0.24,0.145,0.268,0.22,0.281,0.366,0.28,74,-9,-49.4,64.5,5.8,6887
Willson Contreras,Cubs,360,1381,55,157,192,10,0.10,0.23,0.202,0.315,0.264,0.349,0.467,0.348,115,-10.8,16.2,-2,5.8,11609
Enrique Hernandez,Dodgers,415,1264,49,170,153,10,0.10,0.20,0.197,0.263,0.238,0.317,0.435,0.318,100,8.7,7.8,8.6,5.8,10472
Jose Iglesias,- - -,401,1483,22,161,161,28,0.04,0.12,0.118,0.298,0.271,0.306,0.389,0.298,82,2,-31.9,40,5.7,10231
A.J. Pollock,- - -,311,1268,50,183,161,38,0.07,0.19,0.212,0.291,0.263,0.324,0.475,0.337,107,8.4,19.6,-3.7,5.7,9256
Tim Anderson,White Sox,422,1730,55,230,176,58,0.03,0.24,0.16,0.337,0.275,0.302,0.435,0.313,97,8.2,1.8,-3.5,5.7,15172
Gleyber Torres,Yankees,267,1088,62,150,167,11,0.08,0.23,0.235,0.307,0.275,0.338,0.511,0.354,123,-1.5,30.1,-10.5,5.6,16997
Harrison Bader,Cardinals,298,925,27,125,86,28,0.09,0.29,0.158,0.312,0.236,0.32,0.393,0.307,92,9.9,0.1,25.2,5.5,18030
Jonathan Villar,- - -,425,1665,49,214,159,98,0.08,0.27,0.15,0.337,0.261,0.322,0.41,0.315,94,16.4,3,-3.2,5.5,10071
Justin Smoak,Blue Jays,426,1731,85,206,228,0,0.14,0.23,0.227,0.271,0.243,0.35,0.47,0.35,120,-14.9,27.1,-31.6,5.5,9054
Austin Hedges,Padres,313,1090,43,93,128,8,0.07,0.29,0.173,0.257,0.208,0.265,0.38,0.274,68,-2.6,-47.2,66.7,5.5,12976
Josh Reddick,Astros,409,1577,44,197,185,19,0.08,0.14,0.153,0.297,0.279,0.334,0.432,0.326,107,3.6,16.3,-15.4,5.5,3892
Kevin Pillar,- - -,457,1819,52,220,189,43,0.04,0.16,0.165,0.277,0.256,0.29,0.42,0.301,87,11.5,-18.9,13.2,5.5,12434
Jonathan Schoop,- - -,412,1640,76,214,225,3,0.05,0.23,0.204,0.3,0.264,0.306,0.468,0.326,102,-5.3,-1,0.3,5.5,11265
Starlin Castro,- - -,428,1796,50,210,203,10,0.06,0.18,0.147,0.32,0.281,0.321,0.428,0.318,100,-4.6,-5.8,1.8,5.5,4579
Mark Canha,Athletics,305,1095,48,156,124,6,0.10,0.23,0.214,0.292,0.252,0.348,0.466,0.347,121,-2.1,27.7,-10.3,5.4,11445
David Fletcher,Angels,234,960,7,118,74,11,0.07,0.10,0.092,0.314,0.285,0.339,0.377,0.311,96,1.2,-3.8,24.4,5.3,17992
David Freese,- - -,322,1001,32,117,132,0,0.11,0.23,0.162,0.35,0.283,0.372,0.446,0.352,120,-7.6,17.5,2.5,5.2,9549
Miguel Sano,Twins,290,1221,75,183,197,0,0.12,0.37,0.263,0.333,0.242,0.333,0.505,0.351,119,-6,23.9,-12.7,5.2,12164
Adam Frazier,Pirates,386,1414,26,187,138,15,0.07,0.13,0.144,0.306,0.277,0.34,0.421,0.326,102,3.6,6.7,-1,5.1,15223
Jason Heyward,Cubs,400,1559,40,204,178,13,0.10,0.15,0.146,0.287,0.26,0.335,0.406,0.32,96,5.5,-1.5,1.8,5.1,4940
Yolmer Sanchez,White Sox,445,1751,22,184,157,27,0.07,0.21,0.116,0.314,0.253,0.314,0.368,0.297,86,0.8,-30.4,20.9,5,11602
Daniel Murphy,- - -,367,1422,48,190,213,6,0.07,0.13,0.188,0.321,0.302,0.354,0.49,0.354,112,-4.2,18,-14,5,4316
Yan Gomes,- - -,314,1176,42,131,147,2,0.08,0.26,0.173,0.297,0.242,0.312,0.415,0.311,89,-3.2,-19.6,30.1,5,9627
Eric Thames,Brewers,383,1288,72,191,161,14,0.12,0.31,0.263,0.305,0.241,0.343,0.504,0.355,118,2.8,32.4,-23.9,5,3711
Howie Kendrick,- - -,252,864,30,118,115,15,0.06,0.17,0.191,0.364,0.325,0.373,0.516,0.374,130,-5.1,28.3,-5.7,5,4229
Evan Longoria,- - -,410,1697,56,181,209,12,0.07,0.19,0.171,0.282,0.254,0.307,0.424,0.31,95,-0.2,-10.8,5.3,5,9368
Brandon Belt,Giants,372,1523,49,189,154,11,0.13,0.22,0.184,0.288,0.242,0.345,0.425,0.331,108,0.7,15.4,-15.5,4.9,10264
Trey Mancini,Orioles,457,1901,83,240,233,2,0.07,0.23,0.205,0.321,0.275,0.334,0.48,0.344,114,-2.6,30.9,-46,4.9,15149
Ryan Braun,Brewers,373,1380,59,187,191,34,0.08,0.19,0.218,0.298,0.27,0.331,0.488,0.344,111,-1,18.9,-14.5,4.9,3410
Ian Happ,Cubs,315,1031,50,143,142,18,0.12,0.33,0.23,0.329,0.246,0.34,0.476,0.343,112,-0.8,15.2,-0.1,4.8,17919
Adam Eaton,Nationals,269,1133,22,182,95,27,0.10,0.17,0.137,0.336,0.288,0.377,0.425,0.349,114,6.5,26.4,-15.3,4.7,11205
Ryan Zimmerman,Nationals,281,1089,55,143,186,2,0.08,0.20,0.236,0.312,0.284,0.345,0.52,0.364,123,2,33.4,-21.9,4.7,4220
Jorge Alfaro,- - -,267,956,33,91,108,7,0.05,0.34,0.16,0.387,0.269,0.322,0.429,0.319,98,-6.6,-8.5,24.1,4.7,12180
Kole Calhoun,Angels,444,1838,71,240,202,15,0.11,0.23,0.182,0.265,0.229,0.315,0.411,0.31,95,-2.6,-13.1,-2.6,4.6,11200
Ian Kinsler,- - -,354,1428,45,184,122,32,0.08,0.14,0.157,0.245,0.234,0.302,0.391,0.3,86,-0.9,-26.6,24.1,4.6,6195
Joey Wendle,- - -,222,822,11,97,85,24,0.06,0.18,0.13,0.327,0.278,0.334,0.408,0.318,103,4.6,6.8,10,4.5,13853
Roberto Perez,Indians,254,907,34,84,120,1,0.10,0.30,0.173,0.273,0.214,0.298,0.387,0.295,78,-6.1,-30.5,45.4,4.5,2900
Brandon Crawford,Giants,442,1724,39,179,190,10,0.08,0.20,0.138,0.29,0.245,0.311,0.383,0.296,85,-3.3,-37.1,26.4,4.5,5343
Robinson Chirinos,- - -,315,1172,52,151,161,4,0.11,0.29,0.214,0.303,0.237,0.347,0.451,0.344,111,-7.6,9,-3.2,4.5,3142
Amed Rosario,Mets,357,1417,28,167,133,50,0.04,0.21,0.136,0.325,0.27,0.305,0.406,0.302,91,6.2,-10.3,10,4.5,15518
Shin-Soo Choo,Rangers,446,1961,67,272,201,33,0.13,0.23,0.174,0.323,0.263,0.368,0.437,0.349,110,2.4,27.4,-50,4.5,3174
Russell Martin,- - -,264,966,29,115,80,2,0.14,0.23,0.139,0.255,0.211,0.34,0.35,0.31,93,-5.5,-14.1,26.1,4.4,4616
Mallex Smith,- - -,356,1392,10,168,89,102,0.08,0.22,0.104,0.338,0.262,0.332,0.367,0.306,94,18.3,7.1,-11.6,4.4,13608
Jose Martinez,Cardinals,386,1270,41,156,171,7,0.09,0.19,0.162,0.344,0.296,0.361,0.458,0.352,121,-2.1,31.7,-29.2,4.4,7996
Zack Cozart,- - -,218,867,29,113,88,3,0.10,0.16,0.19,0.268,0.252,0.333,0.441,0.332,104,-0.7,4.1,10.5,4.4,2616
Nick Ahmed,Diamondbacks,364,1367,41,164,173,16,0.08,0.19,0.178,0.276,0.245,0.303,0.424,0.307,87,0.5,-22.1,21.8,4.3,12147
Miguel Rojas,Marlins,375,1360,17,133,125,17,0.06,0.12,0.093,0.3,0.273,0.325,0.365,0.299,87,-8.2,-30.1,30,4.3,7802
Khris Davis,Athletics,437,1839,114,250,306,4,0.10,0.28,0.254,0.272,0.239,0.32,0.494,0.342,118,-8.2,30.4,-51.2,4.3,9112
Ben Zobrist,Cubs,314,1192,22,149,125,5,0.11,0.13,0.126,0.294,0.268,0.35,0.394,0.325,100,-3.4,-3.6,7,4.3,7435
Omar Narvaez,- - -,319,1099,33,116,99,0,0.11,0.18,0.143,0.32,0.277,0.362,0.419,0.339,115,-5.7,15,-10.3,4.2,13338
Willy Adames,Rays,237,907,30,112,86,10,0.09,0.27,0.151,0.34,0.263,0.328,0.414,0.318,102,3.3,4.9,6.1,4.2,15986
Freddy Galvis,- - -,471,1908,48,200,198,26,0.06,0.21,0.145,0.302,0.254,0.301,0.399,0.299,84,0.2,-37.8,16.8,4.2,6609
Manuel Margot,Padres,418,1489,33,162,127,48,0.07,0.19,0.145,0.288,0.248,0.303,0.394,0.298,85,4.6,-24.5,18.2,4.1,14712
Matt Joyce,- - -,353,1028,39,144,106,4,0.14,0.21,0.193,0.279,0.247,0.349,0.439,0.339,113,1.3,18.9,-11.9,4.1,3353
Randal Grichuk,- - -,397,1532,78,188,200,11,0.06,0.27,0.238,0.279,0.238,0.288,0.475,0.319,99,-1.2,-4.1,-7.4,4.1,10243
Stephen Piscotty,- - -,351,1399,49,164,171,7,0.09,0.20,0.181,0.289,0.253,0.328,0.434,0.327,107,-4.3,6.7,-13.6,4.1,13367
Domingo Santana,- - -,357,1349,56,172,174,24,0.11,0.31,0.198,0.361,0.266,0.347,0.464,0.346,114,3.8,28.7,-33.2,4.1,10348
Dee Gordon,- - -,416,1704,9,212,103,112,0.03,0.14,0.076,0.327,0.286,0.314,0.362,0.293,83,15.7,-19.6,3.3,4.1,8203
Manny Pina,Brewers,281,875,25,94,96,4,0.07,0.22,0.152,0.307,0.258,0.316,0.411,0.311,90,-4.6,-15.9,28,4,2829
Jesus Aguilar,- - -,413,1246,63,159,210,0,0.10,0.26,0.226,0.304,0.261,0.339,0.487,0.348,115,-5.8,17.6,-18.8,4,11342
Michael A. Taylor,Nationals,305,914,26,111,84,47,0.07,0.31,0.169,0.348,0.25,0.305,0.419,0.308,87,10,-5,15.3,4,11489
Jurickson Profar,- - -,307,1182,40,155,149,20,0.09,0.15,0.189,0.244,0.233,0.318,0.423,0.318,95,6.5,-1.3,0.4,4,10815
Josh Bell,Pirates,450,1816,75,243,268,4,0.12,0.19,0.219,0.29,0.264,0.352,0.483,0.351,118,-15.1,28.1,-46.6,4,13145
Adrian Beltre,Rangers,213,870,32,96,136,2,0.08,0.17,0.188,0.316,0.29,0.353,0.477,0.353,113,-6.1,8.2,1.9,3.9,639
Wilson Ramos,- - -,316,1164,40,110,178,1,0.07,0.16,0.159,0.316,0.289,0.342,0.448,0.335,112,-20,-2.5,3.5,3.9,1433
Johan Camargo,Braves,314,1028,30,124,135,2,0.08,0.20,0.169,0.313,0.269,0.328,0.438,0.326,100,-1.9,-2.4,7.4,3.9,14950
Brian McCann,- - -,245,931,37,97,130,1,0.10,0.16,0.168,0.244,0.237,0.318,0.405,0.31,93,-6.5,-14.3,22.1,3.8,4810
Alex Avila,- - -,255,811,30,76,93,1,0.17,0.34,0.178,0.324,0.221,0.353,0.399,0.327,101,-7,-5.6,16.8,3.8,7476
Jarrod Dyson,- - -,308,1079,14,150,69,74,0.10,0.16,0.088,0.266,0.229,0.31,0.317,0.278,71,18.3,-22,23.4,3.7,4866
Hunter Renfroe,Padres,379,1414,85,168,190,10,0.07,0.29,0.255,0.262,0.231,0.291,0.486,0.324,102,-0.8,2.2,-11.2,3.6,15464
Jorge Soler,Royals,258,1046,59,129,151,6,0.11,0.27,0.259,0.297,0.252,0.342,0.51,0.356,122,-4.2,24.9,-24.2,3.6,14221
Jason Kipnis,Indians,358,1485,47,160,175,20,0.09,0.18,0.167,0.26,0.236,0.305,0.403,0.304,85,6.3,-22.2,7.2,3.6,9776
Eric Hosmer,- - -,479,2015,65,242,262,13,0.08,0.20,0.161,0.326,0.278,0.339,0.44,0.332,107,-7.6,9.2,-39.6,3.5,3516
Nick Markakis,Braves,438,1844,31,215,231,3,0.10,0.14,0.129,0.318,0.286,0.359,0.415,0.333,104,-6.2,2.4,-27,3.5,5930
Ben Gamel,- - -,369,1199,19,152,111,13,0.09,0.24,0.124,0.345,0.266,0.336,0.391,0.315,97,6.9,2.4,-7.1,3.5,12160
Jake Marisnick,Astros,329,812,36,130,97,25,0.06,0.33,0.204,0.308,0.23,0.294,0.434,0.309,95,6.7,2,5,3.5,11339
Addison Russell,Cubs,322,1091,26,129,104,8,0.08,0.23,0.136,0.298,0.243,0.31,0.379,0.297,82,5.2,-20,19.4,3.5,14106
Steven Souza Jr.,- - -,220,889,35,99,107,22,0.13,0.29,0.198,0.3,0.233,0.338,0.431,0.333,110,4.3,15.3,-10.5,3.4,5667
Jedd Gyorko,- - -,312,984,33,107,123,10,0.10,0.21,0.168,0.298,0.258,0.333,0.426,0.327,105,-6.8,-1.5,3.4,3.4,10816
Joe Mauer,Twins,268,1140,13,133,119,2,0.10,0.15,0.105,0.34,0.294,0.368,0.399,0.335,109,-6.5,5.9,-10.7,3.4,1857
Odubel Herrera,Phillies,325,1299,37,143,143,15,0.06,0.22,0.163,0.314,0.263,0.314,0.426,0.316,94,3.2,-6.8,-1.5,3.4,11476
Derek Dietrich,- - -,397,1321,48,169,141,3,0.07,0.24,0.189,0.289,0.242,0.331,0.431,0.327,104,2.6,9.7,-18.9,3.3,10542
Tim Beckham,- - -,321,1305,49,151,144,8,0.06,0.28,0.178,0.324,0.253,0.306,0.431,0.315,97,-3.7,-8.4,-3.3,3.2,7949
Cameron Maybin,- - -,325,1103,25,143,95,52,0.11,0.22,0.137,0.306,0.249,0.332,0.386,0.314,97,4.2,0.5,-4.9,3.2,5223
Jay Bruce,- - -,338,1311,71,156,197,4,0.09,0.23,0.239,0.252,0.236,0.304,0.475,0.327,105,-2.1,6.1,-16.9,3.2,9892
Jeimer Candelario,- - -,276,1147,30,129,102,6,0.11,0.25,0.154,0.283,0.225,0.318,0.379,0.305,89,2.4,-13.8,6.4,3.2,13621
Kurt Suzuki,- - -,271,1006,48,120,163,0,0.06,0.12,0.213,0.265,0.272,0.335,0.485,0.347,113,-2.1,14.4,-15,3.2,8259
Dansby Swanson,Braves,407,1629,37,187,175,23,0.10,0.23,0.14,0.294,0.24,0.314,0.38,0.295,79,8.7,-35.2,14,3.1,18314
Delino DeShields,Rangers,344,1241,12,169,76,73,0.10,0.24,0.088,0.325,0.246,0.328,0.334,0.294,73,18,-23.4,12.6,3.1,11379
Jordy Mercer,- - -,336,1265,29,119,119,2,0.08,0.18,0.148,0.298,0.257,0.319,0.405,0.306,88,-1.7,-20.1,9.6,3.1,6547
Aledmys Diaz,- - -,278,1000,34,122,115,9,0.06,0.13,0.173,0.273,0.264,0.312,0.437,0.318,99,-5.1,-6.2,3.3,3.1,15937
Francisco Cervelli,- - -,233,868,20,85,100,3,0.11,0.22,0.146,0.304,0.247,0.351,0.393,0.328,104,-4.7,-1,2.7,3,5275
Eric Sogard,- - -,259,854,16,103,60,14,0.11,0.14,0.128,0.297,0.264,0.352,0.392,0.323,99,3.2,2.9,-0.8,3,7927
Dexter Fowler,Cardinals,358,1399,45,177,162,20,0.13,0.23,0.176,0.277,0.233,0.335,0.41,0.321,100,3.9,4.8,-19.2,3,4062
Wil Myers,Padres,393,1482,59,177,166,49,0.10,0.30,0.2,0.319,0.244,0.323,0.444,0.327,103,3.7,9.8,-28.4,3,10047
Brian Goodwin,- - -,285,916,36,126,102,17,0.08,0.28,0.209,0.321,0.254,0.321,0.463,0.33,104,1.6,6.5,-7.9,2.9,12858
Billy Hamilton,- - -,411,1542,8,200,82,115,0.08,0.23,0.082,0.309,0.237,0.297,0.319,0.272,63,23.6,-49.4,27.9,2.9,10199
Gregory Polanco,Pirates,280,1113,40,137,133,23,0.09,0.20,0.195,0.284,0.251,0.321,0.446,0.325,102,2.2,4.6,-12,2.9,12907
Chad Pinder,Athletics,321,1012,41,124,116,2,0.06,0.27,0.19,0.299,0.245,0.305,0.435,0.315,99,-4.8,-5.8,-0.7,2.8,15191
C.J. Cron,- - -,365,1432,71,158,208,4,0.06,0.24,0.218,0.288,0.252,0.314,0.47,0.331,109,-9,6.1,-27.2,2.8,12546
Jake Lamb,Diamondbacks,283,1099,42,149,166,8,0.13,0.25,0.198,0.276,0.231,0.339,0.429,0.327,98,2.5,-0.8,-6.7,2.8,13329
Neil Walker,- - -,339,1227,33,144,133,3,0.11,0.20,0.149,0.291,0.249,0.339,0.398,0.32,99,-0.5,-0.8,-11.7,2.8,7539
Alex Gordon,Royals,439,1742,35,185,175,24,0.08,0.20,0.121,0.288,0.241,0.322,0.362,0.299,83,-1.5,-38.1,5.8,2.7,5209
Niko Goodrum,- - -,254,982,28,117,98,24,0.09,0.29,0.176,0.322,0.243,0.315,0.42,0.315,95,9.8,3.8,-9.9,2.7,12092
Denard Span,- - -,266,1043,23,136,101,21,0.09,0.14,0.156,0.293,0.267,0.335,0.423,0.328,107,1.7,10,-17.5,2.7,8347
Greg Garcia,- - -,381,870,9,94,66,5,0.13,0.21,0.091,0.31,0.243,0.351,0.334,0.308,91,2.4,-7.5,5.9,2.6,10951
Scott Kingery,Phillies,273,984,27,119,90,25,0.06,0.28,0.165,0.313,0.242,0.291,0.407,0.296,81,8.8,-13.9,9.4,2.6,17975
Adeiny Hechavarria,- - -,275,890,23,105,94,9,0.05,0.19,0.142,0.288,0.251,0.288,0.393,0.289,81,1.8,-19.4,15.7,2.6,10459
Leury Garcia,White Sox,309,1219,21,157,105,35,0.04,0.23,0.115,0.345,0.275,0.31,0.389,0.301,88,5.8,-12.6,-3.6,2.5,5913
Adam Duvall,- - -,336,1204,56,143,179,7,0.07,0.27,0.217,0.273,0.232,0.293,0.449,0.313,89,3.4,-12.4,-1,2.5,10950
Wilmer Flores,- - -,325,1076,38,116,140,1,0.06,0.12,0.178,0.286,0.282,0.326,0.46,0.333,109,-8.7,3.4,-13.1,2.5,5827
Logan Morrison,- - -,273,998,55,121,127,3,0.12,0.24,0.235,0.238,0.222,0.322,0.457,0.331,109,-0.1,10.7,-19.7,2.4,9205
Justin Bour,- - -,301,1100,53,119,168,3,0.13,0.25,0.207,0.28,0.243,0.338,0.45,0.335,111,-12,3.2,-15.3,2.4,9744
Chris Iannetta,- - -,251,840,34,94,100,0,0.13,0.27,0.204,0.293,0.235,0.342,0.439,0.334,95,-8.3,-13.2,9.8,2.4,8267
Joe Panik,- - -,382,1456,19,148,116,12,0.08,0.09,0.104,0.278,0.264,0.326,0.368,0.3,87,-5.7,-29.5,6.2,2.4,11936
James McCann,- - -,342,1324,39,132,148,5,0.06,0.26,0.147,0.314,0.249,0.304,0.396,0.301,87,-5.2,-26,5.3,2.4,12859
Jesse Winker,Reds,249,855,30,110,96,1,0.12,0.15,0.181,0.312,0.285,0.379,0.466,0.362,122,-6.8,17.3,-21.3,2.3,13590
Josh Harrison,- - -,261,1063,25,117,92,19,0.05,0.17,0.133,0.283,0.25,0.306,0.384,0.298,83,3.9,-18.4,6.5,2.3,8202
Mitch Moreland,Red Sox,364,1370,56,178,205,3,0.10,0.22,0.208,0.279,0.247,0.326,0.455,0.331,102,-8.6,-4.7,-19.5,2.2,3086
Daniel Robertson,Rays,237,831,16,91,72,5,0.12,0.25,0.122,0.302,0.231,0.34,0.352,0.31,96,-3.9,-8.4,1.7,2.2,14145
Robbie Grossman,- - -,386,1403,20,169,131,12,0.13,0.18,0.117,0.301,0.253,0.354,0.37,0.32,100,-4.7,-5.1,-21,2.2,5254
Hunter Dozier,Royals,241,974,37,111,118,4,0.08,0.26,0.211,0.322,0.259,0.32,0.47,0.332,106,-5.9,2.2,-12.9,2.2,15117
Franmil Reyes,- - -,237,833,53,105,112,0,0.09,0.28,0.248,0.302,0.26,0.321,0.507,0.345,115,-3.5,12.8,-18.7,2.1,14566
Teoscar Hernandez,- - -,286,1082,56,141,142,11,0.09,0.33,0.245,0.306,0.238,0.304,0.482,0.33,107,0.4,9.9,-25.4,2.1,13066
Yonder Alonso,- - -,408,1430,61,170,187,2,0.11,0.22,0.188,0.275,0.244,0.329,0.432,0.326,103,-7.2,-2.6,-26.7,2,2530
Adam Jones,- - -,429,1776,57,202,203,11,0.05,0.17,0.158,0.307,0.276,0.316,0.434,0.32,97,-1.5,-8.4,-31.5,1.9,6368
Logan Forsythe,- - -,340,1222,15,131,102,8,0.13,0.24,0.094,0.299,0.228,0.33,0.322,0.293,79,2.1,-30.2,8.3,1.9,7185
Salvador Perez,Royals,258,1043,54,109,160,2,0.03,0.20,0.215,0.262,0.251,0.285,0.466,0.316,95,-8.9,-14.9,-1.6,1.9,7304
Matt Adams,- - -,363,1037,61,130,178,0,0.07,0.27,0.242,0.281,0.247,0.302,0.489,0.329,101,-2.2,-0.8,-14.3,1.9,9393
Brock Holt,Red Sox,260,826,10,99,84,10,0.10,0.20,0.106,0.332,0.269,0.354,0.375,0.32,95,-8.2,-13.2,3.3,1.8,9345
Hunter Pence,- - -,314,1103,35,127,150,13,0.07,0.21,0.158,0.305,0.262,0.315,0.42,0.313,93,8.5,-1.3,-16.3,1.8,8252
Cory Spangenberg,- - -,277,917,22,103,81,20,0.07,0.30,0.133,0.344,0.25,0.309,0.382,0.3,85,8.1,-9.1,-2.4,1.8,12294
Renato Nunez,- - -,232,876,40,101,115,1,0.07,0.24,0.199,0.286,0.247,0.313,0.447,0.322,99,-1.8,-3.4,-9.8,1.7,14503
Jon Jay,- - -,331,1201,5,151,83,10,0.07,0.17,0.075,0.337,0.277,0.343,0.352,0.308,90,0.5,-15.1,-7.5,1.7,5227
Jose Peraza,Reds,441,1604,25,172,128,53,0.04,0.13,0.102,0.293,0.266,0.306,0.369,0.292,76,5.5,-43.7,8.1,1.7,13593
Curtis Granderson,- - -,408,1293,51,178,136,8,0.13,0.25,0.206,0.251,0.213,0.32,0.418,0.318,99,-6,-8.4,-18.1,1.6,4747
Scott Schebler,Reds,278,1056,49,129,123,9,0.09,0.24,0.211,0.262,0.232,0.314,0.443,0.323,96,-0.2,-5.6,-13.2,1.6,12225
Albert Almora Jr.,Cubs,414,1165,25,142,119,4,0.05,0.17,0.124,0.312,0.274,0.311,0.397,0.302,85,-4.3,-26.5,3.6,1.5,14109
Rougned Odor,Rangers,436,1767,78,232,231,38,0.07,0.26,0.2,0.256,0.219,0.285,0.419,0.298,75,4.1,-50.9,3.6,1.4,12282
Tucker Barnhart,Reds,373,1309,28,108,130,5,0.11,0.19,0.134,0.295,0.25,0.334,0.384,0.309,87,-11.1,-33.1,4.9,1.3,10200
Carlos Gomez,- - -,257,933,29,103,93,29,0.07,0.28,0.165,0.296,0.229,0.315,0.393,0.31,90,1.7,-9.3,-9.1,1.3,4881
Brad Miller,- - -,264,831,29,90,94,7,0.12,0.29,0.181,0.294,0.229,0.323,0.41,0.315,97,-1.5,-4.6,-10.3,1.3,12775
Carlos Gonzalez,- - -,313,1204,33,164,131,8,0.09,0.24,0.163,0.32,0.26,0.328,0.423,0.321,85,2.2,-20.6,-7.3,1.2,7287
Nomar Mazara,Rangers,392,1621,59,194,244,7,0.08,0.22,0.181,0.3,0.259,0.32,0.44,0.322,92,-3.3,-19.7,-24.2,1.2,14553
Jose Pirela,- - -,243,841,16,98,74,10,0.07,0.20,0.141,0.315,0.263,0.318,0.404,0.312,94,-4.7,-10.2,-5,1.1,5485
Wilmer Difo,Nationals,315,965,14,117,71,20,0.08,0.19,0.103,0.299,0.249,0.309,0.352,0.284,71,3.9,-31.7,11.5,1.1,14320
Jose Reyes,Mets,255,812,19,105,74,29,0.09,0.15,0.156,0.247,0.228,0.298,0.384,0.295,84,4.9,-10.7,-4.6,1.1,1736
Daniel Descalso,- - -,351,1015,25,121,123,6,0.13,0.25,0.16,0.283,0.223,0.329,0.383,0.312,89,2.1,-12.5,-10.6,1,8392
Colin Moran,- - -,300,980,25,98,141,0,0.07,0.20,0.146,0.329,0.278,0.332,0.424,0.321,100,-7.3,-8.1,-13.2,1,16909
Hernan Perez,Brewers,359,1038,31,112,98,29,0.05,0.21,0.147,0.29,0.25,0.283,0.397,0.29,75,1,-32,8.5,1,5751
Eduardo Nunez,- - -,301,1167,24,129,122,36,0.03,0.13,0.127,0.303,0.279,0.304,0.406,0.304,86,-5.1,-25.7,-5.3,0.8,6848
Gerardo Parra,- - -,376,1169,25,146,172,21,0.06,0.17,0.126,0.32,0.28,0.329,0.406,0.315,83,-6.5,-32.3,1.4,0.7,8553
Jose Bautista,- - -,279,1085,36,144,113,10,0.14,0.26,0.168,0.247,0.203,0.323,0.371,0.306,90,-4.4,-17.4,-13,0.6,1887
Orlando Arcia,Brewers,424,1460,33,139,142,29,0.06,0.20,0.114,0.291,0.246,0.295,0.361,0.28,69,1.8,-56.6,15,0.6,13185
JaCoby Jones,Tigers,273,954,25,107,73,26,0.06,0.32,0.16,0.29,0.211,0.277,0.371,0.28,71,3.9,-29.5,0.7,0.4,14818
Adam Engel,White Sox,329,1047,18,109,76,27,0.05,0.31,0.115,0.305,0.215,0.271,0.33,0.263,63,9,-38.7,6.5,0.3,15082
Pablo Sandoval,- - -,279,827,32,91,113,1,0.06,0.21,0.187,0.275,0.246,0.296,0.432,0.307,91,-4.4,-13.7,-9.8,0.3,5409
Jake Bauers,- - -,213,811,23,94,91,9,0.12,0.27,0.163,0.273,0.214,0.314,0.377,0.302,87,3,-10.4,-14.6,0.3,15194
Tony Wolters,Rockies,278,893,4,91,85,2,0.11,0.18,0.071,0.285,0.234,0.327,0.305,0.278,54,-1.9,-54.2,27.4,0.2,11470
Gorkys Hernandez,- - -,290,856,15,97,64,21,0.07,0.23,0.119,0.297,0.237,0.298,0.356,0.284,77,1.7,-23.3,-2.2,0.2,4146
Miguel Cabrera,Tigers,304,1235,31,108,141,0,0.10,0.20,0.134,0.32,0.27,0.345,0.404,0.321,98,-13.8,-16.4,-24.4,0.2,1744
Matt Kemp,- - -,281,1035,41,113,154,0,0.06,0.23,0.182,0.325,0.278,0.321,0.46,0.33,105,-11,-4.8,-27,0.2,5631
Lucas Duda,- - -,273,977,48,92,129,1,0.10,0.28,0.224,0.258,0.221,0.31,0.445,0.32,99,-9.3,-10,-21,0.2,2502
Guillermo Heredia,- - -,337,994,16,103,63,5,0.08,0.18,0.105,0.281,0.239,0.314,0.345,0.291,83,-1.2,-21.9,-10.1,0.2,18721
Maikel Franco,Phillies,408,1516,63,162,200,1,0.07,0.14,0.183,0.246,0.243,0.296,0.427,0.3,83,-9.2,-43.4,-4.4,0.2,12179
Mark Reynolds,- - -,312,990,47,121,157,4,0.12,0.30,0.209,0.315,0.247,0.336,0.456,0.339,97,-7.5,-11.8,-19,0.2,7619
Jonathan Lucroy,- - -,350,1263,18,116,127,1,0.08,0.13,0.103,0.273,0.248,0.315,0.35,0.29,76,-12.2,-49.5,8.1,0.2,7870
Matt Davidson,White Sox,244,939,46,94,130,0,0.08,0.35,0.211,0.3,0.224,0.291,0.435,0.31,95,-6.3,-12.1,-20,0,7226
Nick Williams,Phillies,290,903,31,107,110,4,0.06,0.28,0.166,0.327,0.254,0.313,0.42,0.316,94,-1.2,-8.8,-20.8,0,14330
Brandon Drury,- - -,281,1013,29,89,114,1,0.06,0.23,0.165,0.285,0.237,0.287,0.402,0.293,77,-0.5,-30.6,-4.3,-0.1,11615
Alcides Escobar,Royals,302,1160,10,125,88,12,0.04,0.15,0.096,0.278,0.242,0.275,0.338,0.265,60,6,-50,9.3,-0.2,6310
Melky Cabrera,- - -,367,1341,30,149,171,4,0.05,0.11,0.132,0.3,0.283,0.323,0.415,0.315,95,-8.1,-17,-32.3,-0.4,4022
Ryon Healy,- - -,329,1316,56,141,177,0,0.05,0.22,0.184,0.286,0.252,0.29,0.436,0.309,95,-9.4,-16.7,-35,-0.7,15447
Yangervis Solarte,- - -,278,1096,36,108,125,4,0.07,0.14,0.153,0.246,0.238,0.293,0.391,0.293,81,-11,-36.4,-6.8,-0.7,5352
Hanley Ramirez,- - -,193,805,31,87,99,5,0.09,0.21,0.173,0.272,0.241,0.317,0.414,0.313,90,-7.8,-18.2,-18,-0.9,8001
Elias Diaz,Pirates,247,809,13,82,81,1,0.07,0.17,0.106,0.289,0.252,0.303,0.358,0.288,77,-3.3,-27.8,-8.4,-0.9,11680
John Hicks,Tigers,236,835,28,89,89,3,0.06,0.29,0.16,0.313,0.241,0.287,0.401,0.294,81,-6.4,-26.6,-11.8,-1,12547
Matt Wieters,- - -,266,919,29,82,109,2,0.09,0.20,0.144,0.256,0.227,0.296,0.371,0.287,73,-6.1,-37.6,-2.6,-1,4298
Kendrys Morales,- - -,333,1280,51,130,154,2,0.09,0.20,0.173,0.265,0.241,0.317,0.414,0.314,96,-16.7,-23.1,-32.4,-1.2,8610
Chris Owings,- - -,270,891,19,88,87,28,0.06,0.27,0.13,0.282,0.219,0.27,0.349,0.266,58,2.9,-44.2,2.9,-1.2,10030
Mark Trumbo,Orioles,248,992,40,121,112,1,0.07,0.24,0.171,0.284,0.242,0.295,0.413,0.305,87,-2.9,-18.9,-28.3,-1.3,6876
Ian Desmond,Rockies,395,1474,49,193,193,38,0.08,0.24,0.177,0.304,0.252,0.313,0.429,0.317,80,-1,-37.9,-26.8,-1.7,6885
Albert Pujols,Angels,397,1679,65,158,258,7,0.06,0.14,0.164,0.245,0.243,0.293,0.407,0.297,86,-13.7,-42.6,-40.6,-2.6,1177
Victor Martinez,Tigers,240,943,19,70,101,0,0.07,0.12,0.109,0.269,0.253,0.31,0.362,0.291,79,-10.7,-34.4,-24.5,-2.8,393
Chris Davis,Orioles,361,1398,54,131,146,3,0.10,0.38,0.162,0.268,0.188,0.276,0.35,0.272,65,-2.6,-62.1,-30,-4.5,9272