Season,Name,Tm,PA,BB%,K%,BB/K,AVG,OBP,SLG,OPS,ISO,BABIP,wRC,wRAA,wOBA,wRC+,playerId
Total,Charlie Blackmon,COL,728,0.06043956,0.178571428,0.338461538,0.31081081,0.368131868,0.533033033,0.901164901,0.222222223,0.345238095,126.8992785,38.5250793,0.381000333,122.45157,7859
Total,Eric Hosmer,2 Tms,618,0.066343042,0.168284789,0.394230769,0.228621291,0.279935275,0.345549738,0.625485013,0.116928447,0.260303687,50.68829579,-24.10790347,0.271226916,66.81748523,3516
Total,Cody Bellinger,LAD,611,0.112929623,0.219312602,0.514925373,0.258426966,0.343698854,0.511235955,0.854934809,0.252808989,0.276422764,94.33682067,19.99392128,0.356020915,124.341658,15998
Total,Joey Votto,CIN,590,0.150847457,0.196610169,0.767241379,0.264887063,0.389830508,0.410677618,0.800508126,0.145790555,0.31652661,88.3314124,16.79141306,0.352229866,115.6935528,4314
Total,Christian Yelich,2 Tms,567,0.093474426,0.19047619,0.49074074,0.294234592,0.37037037,0.514910536,0.885280906,0.220675944,0.330645161,94.82621702,25.86091759,0.372996658,132.2456546,11477
Total,Bryce Harper,2 Tms,560,0.125,0.248214285,0.503597122,0.277083333,0.371428571,0.508333333,0.879761904,0.23125,0.332288401,93.25505366,25.22905429,0.371539843,129.2879969,11579
Total,Rougned Odor,TEX,553,0.075949367,0.26039783,0.291666666,0.214141414,0.292196007,0.371717171,0.663913178,0.157575757,0.263473053,53.74728977,-13.44940966,0.289241019,69.40054537,12282
Total,Freddie Freeman,ATL,552,0.086956521,0.224637681,0.387096774,0.283095723,0.356884057,0.49898167,0.855865727,0.215885947,0.328488372,86.79711791,19.9783186,0.36177898,123.6320293,5361
Total,Kole Calhoun,LAA,551,0.11615245,0.205081669,0.566371681,0.214285714,0.313974591,0.365546218,0.679520809,0.151260504,0.240687679,57.94365625,-9.139243247,0.298671115,87.05835008,11200
Total,Shin-Soo Choo,TEX,545,0.102752293,0.244036697,0.421052631,0.240938166,0.34375,0.339019189,0.682769189,0.098081023,0.31707317,61.27434199,-4.867157399,0.307417058,82.03212596,3174
Total,Kyle Seager,SEA,543,0.071823204,0.20810313,0.345132743,0.257668711,0.322283609,0.466257668,0.788541277,0.208588957,0.283707865,73.48445047,7.769751123,0.334578797,113.1566116,9785
Total,Mike Moustakas,2 Tms,536,0.050373134,0.149253731,0.3375,0.268145161,0.313432835,0.471774193,0.785207028,0.203629032,0.270886075,70.94342183,5.861022414,0.330785526,103.6914142,4892
Total,Eddie Rosario,MIN,529,0.037807183,0.172022684,0.219780219,0.281437125,0.30608365,0.417165668,0.723249318,0.135728543,0.321782178,59.39285018,-4.820249258,0.307675175,89.98762732,12155
Total,Nick Markakis,ATL,523,0.078393881,0.143403441,0.546666666,0.270042194,0.330783938,0.396624472,0.72740841,0.126582278,0.305555555,61.41424566,-1.551453583,0.314589497,92.42451721,5930
Total,Brandon Crawford,SFG,514,0.064202334,0.184824902,0.347368421,0.252118644,0.30544747,0.379237288,0.684684758,0.127118644,0.293800539,51.79928138,-10.39931799,0.294495616,84.23284756,5343
Total,Anthony Rizzo,CHC,495,0.086868686,0.155555555,0.558441558,0.252955082,0.353535353,0.437352245,0.790887598,0.184397163,0.263636363,70.00338137,9.883881876,0.341711167,110.8937365,3473
Total,Michael Conforto,NYM,493,0.0831643,0.304259634,0.273333333,0.237556561,0.314401622,0.432126696,0.746528318,0.194570135,0.306273062,60.98483095,1.07113149,0.321231675,103.1234547,16376
Total,Alex Gordon,KCR,483,0.089026915,0.19047619,0.467391304,0.222222222,0.324324324,0.29468599,0.619010314,0.072463768,0.274143302,44.12846103,-14.62823848,0.281963668,71.58986435,5209
Total,Andrew Benintendi,BOS,483,0.103519668,0.219461697,0.471698113,0.251184834,0.332640332,0.381516587,0.714156919,0.130331753,0.308681672,56.36952134,-2.44017819,0.312041432,89.43589744,17901
Total,Michael Brantley,2 Tms,481,0.056133056,0.13097713,0.428571428,0.281818181,0.333333333,0.375,0.708333333,0.093181819,0.310991957,54.9871514,-3.532748107,0.30946922,90.93748488,4106
Total,Dee Gordon,2 Tms,469,0.01066098,0.130063965,0.081967213,0.287640449,0.309012875,0.33483146,0.643844335,0.047191011,0.327319587,42.05878308,-14.60631635,0.28089803,75.5210894,8203
Total,Max Kepler,MIN,467,0.074946466,0.214132762,0.35,0.233890214,0.302575107,0.403341288,0.705916395,0.169451074,0.267100977,50.95391964,-5.79037987,0.303554513,86.97088713,12144
Total,Brett Gardner,NYY,465,0.08172043,0.202150537,0.404255319,0.220095693,0.292841648,0.33014354,0.622985188,0.110047847,0.261146496,39.60754533,-16.8739542,0.275500329,69.29763318,9927
Total,Jason Kipnis,CLE,464,0.073275862,0.183189655,0.4,0.226506024,0.287581699,0.34939759,0.636979289,0.122891566,0.257668711,40.27480615,-16.14879338,0.277187434,66.15220022,9776
Total,Brandon Belt,SFG,463,0.114470842,0.244060475,0.469026548,0.218045112,0.319654427,0.348370927,0.668025354,0.130325815,0.278571428,47.80009815,-8.49060138,0.296553973,84.98895411,10264
Total,David Peralta,ARI,462,0.067099567,0.216450216,0.31,0.25,0.316017316,0.385714285,0.701731601,0.135714285,0.300970873,50.96602718,-4.924772255,0.305410812,85.10402131,2136
Total,Nomar Mazara,TEX,455,0.039560439,0.25054945,0.157894736,0.23076923,0.27032967,0.384615384,0.654945054,0.153846154,0.280528052,40.5717978,-14.49770164,0.280445371,63.66775207,14553
Total,Jackie Bradley Jr.,BOS,452,0.079646017,0.287610619,0.276923076,0.223057644,0.308203991,0.345864661,0.654068652,0.122807017,0.305343511,43.74289089,-11.45290873,0.288489202,73.35032337,12984
Total,Matt Olson,OAK,437,0.075514874,0.23340961,0.323529411,0.233333333,0.311212814,0.423076923,0.734289737,0.18974359,0.265682656,52.27309929,-0.634200115,0.315739897,100.3178867,14344
Total,Matt Carpenter,STL,436,0.155963302,0.236238532,0.660194174,0.219101123,0.347926267,0.390449438,0.738375705,0.171348315,0.265306122,55.08907954,2.508680138,0.32528967,103.8539775,8090
Total,Robinson Cano,2 Tms,434,0.069124423,0.161290322,0.428571428,0.244897959,0.30875576,0.346938775,0.655694535,0.102040816,0.276729559,41.25151533,-11.50108428,0.288573314,81.61076383,3269
Total,Corey Seager,LAD,415,0.074698795,0.226506024,0.329787234,0.277333333,0.339759036,0.456,0.795759036,0.178666667,0.330855018,57.93872166,6.810221781,0.339388681,112.2157199,13624
Total,Joe Panik,2 Tms,410,0.07804878,0.087804878,0.888888888,0.259668508,0.324257425,0.32596685,0.650224275,0.066298342,0.275229357,39.60145164,-10.23754798,0.287819917,79.09666574,11936
Total,Didi Gregorius,NYY,409,0.053789731,0.134474327,0.4,0.257978723,0.304668304,0.409574468,0.714242772,0.151595745,0.266881028,45.16719962,-4.265899878,0.306179247,90.34581772,6012
Total,Rafael Devers,BOS,401,0.049875311,0.224438902,0.222222222,0.27393617,0.316708229,0.433510638,0.750218867,0.159574468,0.33090909,49.7630723,0.630172623,0.319929037,94.88104946,17350
Total,Ender Inciarte,ATL,394,0.081218274,0.139593908,0.581818181,0.27840909,0.340153452,0.349431818,0.68958527,0.071022728,0.318791946,43.11820542,-4.230394011,0.305047695,85.67621537,4922
Total,Kevin Kiermaier,TBR,392,0.051020408,0.25510204,0.2,0.254189944,0.30670103,0.374301675,0.681002705,0.120111731,0.329365079,40.2522099,-7.532589775,0.295424632,85.78929606,11038
Total,Joey Gallo,TEX,390,0.105128205,0.394871794,0.266233766,0.24260355,0.339331619,0.568047337,0.907378956,0.325443787,0.33548387,67.22457761,20.18357814,0.37862714,130.6058594,14128
Total,Chris Davis,BAL,379,0.089709762,0.393139841,0.228187919,0.169139465,0.25065963,0.290801186,0.541460816,0.121661721,0.254143646,21.40243697,-24.34366256,0.241456101,44.22754085,9272
Total,Jay Bruce,4 Tms,372,0.077956989,0.244623655,0.318681318,0.222222222,0.284946236,0.432748538,0.717694774,0.210526316,0.248927038,40.95799115,-4.1698085,0.305307431,90.28165889,9892
Total,Josh Reddick,HOU,363,0.066115702,0.165289256,0.4,0.294642857,0.340720221,0.473214285,0.813934506,0.178571428,0.325757575,52.71579426,8.714094688,0.346793259,121.0326335,3892
Total,Daniel Murphy,3 Tms,359,0.066852367,0.194986072,0.342857142,0.288753799,0.340782122,0.440729483,0.781511605,0.151975684,0.343873517,48.55794366,4.690843917,0.33334357,98.19421251,4316
Total,Corey Dickerson,3 Tms,357,0.036414565,0.232492997,0.156626506,0.296735905,0.327731092,0.456973293,0.784704385,0.160237388,0.372,47.42993405,4.322634475,0.332814877,109.1771345,10762
Total,Scooter Gennett,2 Tms,347,0.048991354,0.244956772,0.2,0.267692307,0.304347826,0.412307692,0.716655518,0.144615385,0.331896551,38.55210505,-2.857194314,0.307962827,87.67106429,10339
Total,Juan Soto,WSN,346,0.121387283,0.202312138,0.6,0.282828282,0.367052023,0.481481481,0.848533504,0.198653199,0.322727272,54.26415219,11.82775249,0.358615843,120.2730271,20123
Total,Jason Heyward,CHC,342,0.055555555,0.204678362,0.271428571,0.252336448,0.294117647,0.345794392,0.639912039,0.093457944,0.31174089,29.98918041,-11.67561929,0.278811363,69.58693112,4940
Total,Travis Shaw,MIL,339,0.079646017,0.244837758,0.325301204,0.210526315,0.281899109,0.345394736,0.627293845,0.134868421,0.263888888,28.09974823,-12.76335134,0.273571254,65.02237342,11982
Total,Jon Jay,4 Tms,337,0.094955489,0.172106824,0.551724137,0.268292682,0.364457831,0.285714285,0.650172116,0.017421603,0.334782608,35.87872233,-4.615577148,0.301232602,85.23281841,5227
Total,Odubel Herrera,PHI,326,0.030674846,0.22392638,0.136986301,0.287096774,0.319018404,0.43548387,0.754502274,0.148387096,0.352173913,40.45493695,1.30653741,0.32316593,98.32634699,11476
Total,Carlos Gonzalez,3 Tms,323,0.049535603,0.269349845,0.183908045,0.219672131,0.263157894,0.344262295,0.607420189,0.124590164,0.287735849,24.01113369,-14.79256584,0.264058186,47.37550679,7287
Total,Mallex Smith,2 Tms,323,0.068111455,0.241486068,0.282051282,0.290102389,0.347962382,0.372013651,0.719976033,0.081911262,0.392523364,38.75916601,-0.699533685,0.316124016,100.6627662,13608
Total,Kyle Schwarber,CHC,313,0.130990415,0.313099041,0.418367346,0.209737827,0.319488817,0.374531835,0.694020652,0.164794008,0.285714285,34.08236169,-4.113338049,0.303021212,85.31300659,16478
Total,Kolten Wong,STL,304,0.075657894,0.151315789,0.5,0.269662921,0.331103678,0.359550561,0.690654239,0.08988764,0.30316742,32.28361271,-4.781987014,0.299709339,85.98726644,12532
Total,Max Muncy,LAD,300,0.113333333,0.293333333,0.386363636,0.262548262,0.363333333,0.528957528,0.892290861,0.266409266,0.322368421,51.12750655,14.42850685,0.374831129,137.4115479,13301
Total,Yonder Alonso,5 Tms,289,0.072664359,0.24567474,0.295774647,0.220532319,0.287197231,0.406844106,0.694041337,0.186311787,0.25,30.27549682,-4.547602759,0.298125417,83.14434885,2530
Total,Adam Frazier,PIT,289,0.051903114,0.169550173,0.306122448,0.259398496,0.305263157,0.345864661,0.651127818,0.086466165,0.310185185,26.6939128,-8.809187026,0.282567844,73.20685288,15223
Total,Joe Mauer,MIN,288,0.076388888,0.170138888,0.448979591,0.303846153,0.368055555,0.38076923,0.748824785,0.076923077,0.366666666,37.70544211,3.308242584,0.331696854,106.8128206,1857
Total,Scott Schebler,CIN,283,0.021201413,0.197879858,0.107142857,0.279411764,0.303886925,0.470588235,0.77447516,0.191176471,0.312195121,36.25896176,2.3692622,0.328409051,100.0831735,12225
Total,Gregory Polanco,PIT,279,0.075268817,0.236559139,0.318181818,0.239043824,0.306859205,0.386454183,0.693313388,0.147410359,0.3,29.68133991,-3.769759647,0.301888945,86.98647462,12907
Total,Gerardo Parra,3 Tms,278,0.046762589,0.190647482,0.245283018,0.263779527,0.307971014,0.3503937,0.658364714,0.086614173,0.316831683,26.33723136,-7.311968319,0.286816359,63.49782991,8553
Total,Justin Bour,3 Tms,274,0.124087591,0.281021897,0.441558441,0.211864406,0.313868613,0.33898305,0.652851663,0.127118644,0.274509803,26.94610779,-5.835491749,0.291526256,82.33656254,9744
Total,Ben Gamel,2 Tms,258,0.081395348,0.282945736,0.287671232,0.286956521,0.348837209,0.404347826,0.753185035,0.117391305,0.402515723,32.99386945,1.487669625,0.32546712,103.4260429,12160
Total,Brandon Nimmo,NYM,251,0.115537848,0.326693227,0.353658536,0.252380952,0.368,0.419047619,0.787047619,0.166666667,0.382113821,36.13181478,6.085915229,0.345597412,119.6069478,12927
Total,Mitch Moreland,BOS,250,0.096,0.268,0.358208955,0.234234234,0.312,0.351351351,0.663351351,0.117117117,0.31372549,24.74171219,-5.448287487,0.292321308,76.31385053,3086
Total,Austin Meadows,2 Tms,248,0.056451612,0.278225806,0.20289855,0.280172413,0.326612903,0.534482758,0.861095661,0.254310345,0.346666666,38.97506925,8.390869404,0.358756961,127.9504065,15672
Total,Logan Morrison,3 Tms,243,0.111111111,0.255144032,0.43548387,0.221698113,0.316872427,0.37735849,0.694230917,0.155660377,0.277777777,26.54632119,-2.6653785,0.305408017,91.63514572,9205
Total,Jake Lamb,ARI,238,0.1302521,0.331932773,0.392405063,0.168316831,0.285714285,0.326732673,0.612446958,0.158415842,0.222222222,19.40211344,-9.452086357,0.271315516,59.88785489,13329
Total,Lucas Duda,3 Tms,236,0.059322033,0.322033898,0.184210526,0.17535545,0.245762711,0.317535545,0.563298256,0.142180095,0.227272727,14.274998,-14.07540166,0.24668106,49.80706754,2502
Total,Jake Bauers,2 Tms,234,0.089743589,0.277777777,0.323076923,0.206730769,0.283261802,0.360576923,0.643838725,0.153846154,0.260869565,20.993419,-7.513180725,0.279211446,71.34290072,15194
Total,Shohei Ohtani,LAA,226,0.088495575,0.31858407,0.277777777,0.252475247,0.324444444,0.400990099,0.725434543,0.148514852,0.365079365,26.88656204,-0.576837668,0.31361277,97.89085899,19755
Total,Tony Wolters,COL,225,0.093333333,0.2,0.466666666,0.242268041,0.337837837,0.314432989,0.652270826,0.072164948,0.315436241,22.48969367,-5.218806228,0.291238914,62.82124807,11470
Total,Adam Eaton,WSN,221,0.07239819,0.194570135,0.372093023,0.268041237,0.33488372,0.386597938,0.721481658,0.118556701,0.333333333,26.30292994,-1.009969951,0.312625255,89.10757746,11205
Total,Denard Span,3 Tms,220,0.095454545,0.159090909,0.6,0.260416666,0.337899543,0.354166666,0.692066209,0.09375,0.303797468,24.0223158,-2.280683848,0.30662947,93.06015267,8347
Total,Derek Dietrich,2 Tms,220,0.031818181,0.277272727,0.114754098,0.248730964,0.322727272,0.390862944,0.713590216,0.14213198,0.333333333,25.58661495,-0.809384709,0.31363892,96.23170822,10542
Total,Jeff McNeil,NYM,218,0.059633027,0.119266055,0.5,0.303030303,0.366972477,0.454545454,0.821517931,0.151515151,0.333333333,33.37997081,6.491770949,0.353402087,124.0237708,15362
Total,Cory Spangenberg,2 Tms,215,0.032558139,0.404651162,0.08045977,0.177339901,0.207547169,0.27093596,0.478483129,0.093596059,0.28318584,5.948378343,-19.99212142,0.207411764,24.02316165,12294
Total,Brian McCann,2 Tms,206,0.106796116,0.165048543,0.647058823,0.209039548,0.31553398,0.33898305,0.65451703,0.129943502,0.224637681,20.46654304,-4.538856773,0.293146245,83.09314665,4810
Total,Omar Narvaez,2 Tms,206,0.17961165,0.17961165,1,0.209876543,0.364532019,0.290123456,0.654655475,0.080246913,0.258064516,22.97339932,-2.233000526,0.305629521,92.21433901,13338
Total,Ryan McMahon,COL,206,0.077669902,0.325242718,0.23880597,0.260638297,0.321951219,0.484042553,0.805993772,0.223404256,0.345454545,28.94997709,3.385577159,0.338990949,94.61375304,15112
Total,Curtis Granderson,5 Tms,205,0.107317073,0.268292682,0.4,0.210227272,0.299019607,0.397727272,0.696746879,0.1875,0.260504201,21.37623473,-3.713265165,0.298146925,85.1646446,4747
Total,Eric Thames,MIL,202,0.0990099,0.346534653,0.285714285,0.1875,0.287128712,0.375,0.662128712,0.1875,0.244897959,19.50540044,-5.221399454,0.288951814,73.93012195,3711
Total,Nick Williams,PHI,201,0.049751243,0.328358208,0.151515151,0.240437158,0.303482587,0.344262295,0.647744882,0.103825137,0.350877192,18.71516198,-5.399737723,0.286094964,73.94567762,14330
Total,David Dahl,COL,192,0.046875,0.3125,0.15,0.288888888,0.322916666,0.505555555,0.828472221,0.216666667,0.391304347,28.1631971,4.584397256,0.345375705,99.10010313,13744
Total,Daniel Descalso,2 Tms,186,0.118279569,0.26344086,0.448979591,0.215189873,0.313513513,0.379746835,0.693260348,0.164556962,0.264150943,19.80130143,-2.590098325,0.303458213,82.97019179,8392
Total,Ronald Guzman,TEX,186,0.080645161,0.29032258,0.277777777,0.178571428,0.241935483,0.31547619,0.557411673,0.136904762,0.223214285,10.80810405,-11.65529566,0.242362988,38.43103936,14388
Total,Eric Sogard,3 Tms,182,0.098901098,0.203296703,0.486486486,0.265822784,0.342541436,0.455696202,0.798237638,0.189873418,0.299145299,25.51515154,2.924351565,0.337946872,109.8541255,7927
Total,Leonys Martin,4 Tms,182,0.06043956,0.258241758,0.234042553,0.174698795,0.243093922,0.319277108,0.56237103,0.144578313,0.217391304,11.04852882,-11.04927096,0.246288846,47.7556864,11846
Total,Brian Goodwin,3 Tms,182,0.071428571,0.318681318,0.224137931,0.26875,0.344444444,0.5,0.844444444,0.23125,0.375,28.01673498,5.559935045,0.355552033,121.5118022,12858
Total,J.P. Crawford,2 Tms,174,0.14367816,0.247126436,0.581395348,0.143835616,0.2716763,0.171232876,0.442909176,0.02739726,0.201923076,6.49793423,-15.08966573,0.217925777,32.15039536,15491
Total,Daniel Vogelbach,SEA,173,0.12716763,0.294797687,0.431372549,0.148648648,0.2716763,0.283783783,0.555460083,0.135135135,0.184782608,11.70260492,-9.855095054,0.252009377,56.57638059,14130
Total,Brock Holt,BOS,170,0.117647058,0.229411764,0.512820512,0.263513513,0.352941176,0.297297297,0.650238473,0.033783784,0.354545454,17.46953628,-3.129463506,0.296825073,79.61730289,9345
Total,Jarrod Dyson,2 Tms,169,0.094674556,0.171597633,0.551724137,0.234482758,0.321212121,0.262068965,0.583281086,0.027586207,0.29059829,13.39325537,-7.136844465,0.268972151,63.63826973,4866
Total,Matt Adams,3 Tms,169,0.023668639,0.260355029,0.09090909,0.201219512,0.224852071,0.402439024,0.627291095,0.201219512,0.223214285,12.53264697,-8.105452897,0.262139617,56.64544182,9393
Total,Joc Pederson,LAD,162,0.061728395,0.222222222,0.277777777,0.198675496,0.24691358,0.291390728,0.538304308,0.092715232,0.245614035,8.49653407,-11.16626576,0.236392763,45.42021345,11899
Total,JT Riddle,MIA,162,0.018518518,0.216049382,0.085714285,0.217948717,0.229813664,0.365384615,0.595198279,0.147435898,0.245762711,10.41152789,-9.075271878,0.249857587,54.26432944,17642
Total,Joey Wendle,TBR,161,0.099378881,0.217391304,0.457142857,0.234042553,0.310559006,0.326241134,0.63680014,0.092198581,0.302752293,14.084891,-5.267008713,0.279417146,76.72045864,13853
Total,Brad Miller,4 Tms,160,0.08125,0.2875,0.282608695,0.220689655,0.2875,0.372413793,0.659913793,0.151724138,0.284210526,14.94122795,-4.425771889,0.286125288,78.29080849,12775
Total,Raimel Tapia,COL,159,0.037735849,0.3081761,0.122448979,0.256578947,0.289308176,0.375,0.664308176,0.118421053,0.353535353,14.98871715,-4.769382846,0.28459295,57.88007676,14350
Total,Jason Castro,MIN,157,0.089171974,0.267515923,0.333333333,0.214285714,0.299363057,0.314285714,0.613648771,0.1,0.284210526,13.17329946,-6.105000493,0.275151847,67.17941474,8722
Total,Willie Calhoun,TEX,156,0.051282051,0.185897435,0.275862068,0.216783216,0.269230769,0.426573426,0.695804195,0.20979021,0.220183486,15.67795149,-3.617448445,0.290589477,70.00693082,17838
Total,Colin Moran,2 Tms,152,0.052631578,0.236842105,0.222222222,0.236111111,0.276315789,0.354166666,0.630482455,0.118055555,0.295238095,12.70147817,-5.794321642,0.271529475,67.03073086,16909
Total,Rowdy Tellez,TOR,149,0.067114093,0.315436241,0.212765957,0.244444444,0.295302013,0.459259259,0.754561272,0.214814815,0.317647058,17.91238715,-0.639712818,0.312721327,94.1066681,15679
Total,Jesse Winker,CIN,147,0.1292517,0.163265306,0.791666666,0.176,0.294520547,0.248,0.542520547,0.072,0.202020202,9.922616642,-7.841683153,0.254804912,52.3939787,13590
Total,Cavan Biggio,TOR,145,0.158620689,0.28275862,0.560975609,0.237288135,0.368055555,0.372881355,0.74093691,0.13559322,0.333333333,19.30281495,1.047314902,0.328255781,104.3252067,19252
Total,Carlos Asuaje,SDP,142,0.084507042,0.183098591,0.461538461,0.1796875,0.25,0.21875,0.46875,0.0390625,0.217821782,5.129913123,-11.87988667,0.216443975,30.84056358,15197
Total,Steven Duggar,SFG,142,0.056338028,0.345070422,0.163265306,0.248062015,0.288732394,0.310077519,0.598809913,0.062015504,0.373493975,10.41553919,-7.048260703,0.261650363,62.81423704,17719
Total,Ryan Goins,3 Tms,135,0.066666666,0.259259259,0.257142857,0.280991735,0.333333333,0.388429752,0.721763085,0.107438017,0.376470588,15.93571037,-0.568789555,0.312602249,94.17255243,9807
Total,Dwight Smith Jr,2 Tms,134,0.082089552,0.276119402,0.297297297,0.201680672,0.283582089,0.336134453,0.619716542,0.134453781,0.2625,11.17863787,-5.525962118,0.27104621,64.23001847,13473
Total,Tony Kemp,2 Tms,133,0.075187969,0.157894736,0.476190476,0.254237288,0.318181818,0.364406779,0.682588597,0.110169491,0.295918367,13.78316814,-2.210531632,0.297001202,87.25665752,14894
Total,Alex Verdugo,LAD,133,0.037593984,0.142857142,0.263157894,0.306451612,0.333333333,0.451612903,0.784946236,0.145161291,0.342857142,17.78428375,1.230583775,0.329841761,106.0053947,17027
Total,Yordan Alvarez,HOU,131,0.106870229,0.229007633,0.466666666,0.307017543,0.389312977,0.649122807,1.038435784,0.342105264,0.342105263,28.09857993,11.60567989,0.422388884,170.980281,19556
Total,Matt Joyce,2 Tms,129,0.108527131,0.217054263,0.5,0.198198198,0.296875,0.306306306,0.603181306,0.108108108,0.243902439,10.5266905,-5.182409407,0.271557413,67.67924051,3353
Total,Tommy La Stella,2 Tms,127,0.070866141,0.11023622,0.642857142,0.254385964,0.314516129,0.377192982,0.691709111,0.122807018,0.260416666,13.5836327,-2.13766725,0.300078666,85.50585637,12371
Total,Jake Cave,MIN,122,0.049180327,0.401639344,0.122448979,0.230088495,0.272727272,0.433628318,0.70635559,0.203539823,0.33898305,12.8697618,-1.842038,0.297841384,83.84931225,14477
Total,Ji-Man Choi,3 Tms,121,0.107438016,0.256198347,0.419354838,0.19047619,0.289256198,0.304761904,0.594018102,0.114285714,0.236111111,9.566019887,-5.434880069,0.26583478,65.91448483,5452
Total,Bradley Zimmer,CLE,119,0.050420168,0.268907563,0.1875,0.227272727,0.285714285,0.345454545,0.63116883,0.118181818,0.293333333,10.18959796,-4.175501913,0.278094596,67.5181113,16221
Total,Jacoby Ellsbury,NYY,117,0.068376068,0.256410256,0.266666666,0.240384615,0.300884955,0.336538461,0.637423416,0.096153846,0.319444444,10.37411178,-3.888188181,0.281519675,72.13872562,4727
Total,Alex Avila,3 Tms,114,0.105263157,0.315789473,0.333333333,0.214285714,0.309734513,0.306122448,0.615856961,0.091836734,0.311475409,9.879453441,-3.991146454,0.277816273,68.11033108,7476
Total,Greg Garcia,2 Tms,113,0.115044247,0.28318584,0.40625,0.14893617,0.266055045,0.212765957,0.478821002,0.063829787,0.2,5.129886497,-8.687813427,0.229105656,38.65458918,10951
Total,Nicky Lopez,KCR,112,0.044642857,0.142857142,0.3125,0.266666666,0.306306306,0.342857142,0.649163448,0.076190476,0.306818181,10.45158284,-3.649217199,0.282207142,71.04683523,19339
Total,Greg Bird,NYY,110,0.109090909,0.245454545,0.444444444,0.244680851,0.336363636,0.510638297,0.847001933,0.265957446,0.258064516,16.74250621,3.642506429,0.356404876,125.3104859,14131
Total,Derek Fisher,2 Tms,106,0.113207547,0.29245283,0.387096774,0.25,0.330188679,0.445652173,0.775840852,0.195652173,0.322033898,13.84565546,0.785255505,0.328097696,106.5260155,16192
Total,Mike Tauchman,2 Tms,104,0.134615384,0.25,0.538461538,0.32183908,0.417475728,0.459770114,0.877245842,0.137931034,0.44262295,18.12872466,5.189124673,0.378199603,133.3735977,15274
Total,Luis Arraez,MIN,103,0.174757281,0.08737864,2,0.273809523,0.398058252,0.297619047,0.695677299,0.023809524,0.302631578,12.7934808,-0.174219238,0.317943252,96.17661489,18568
Total,Nicky Delmonico,CHW,102,0.137254901,0.323529411,0.424242424,0.2,0.333333333,0.364705882,0.698039215,0.164705882,0.3,11.77889733,-0.420902502,0.312247919,96.80366049,13157
Total,Ryan O'Hearn,KCR,102,0.107843137,0.352941176,0.305555555,0.144444444,0.235294117,0.255555555,0.490849672,0.111111111,0.192307692,4.244470263,-8.228329635,0.222101901,31.30823204,16442
Total,Brandon Lowe,TBR,102,0.039215686,0.460784313,0.085106382,0.224489795,0.25490196,0.428571428,0.683473388,0.204081633,0.355555555,9.846213649,-2.689586271,0.287337022,80.79910221,18882
Total,Gregor Blanco,2 Tms,95,0.042105263,0.263157894,0.16,0.213483146,0.247311827,0.269662921,0.516974748,0.056179775,0.285714285,4.271509846,-7.148990038,0.228660071,33.77778068,3123
Total,Christin Stewart,DET,95,0.084210526,0.210526315,0.4,0.231707317,0.326315789,0.329268292,0.655584081,0.097560975,0.29032258,9.604182875,-2.23031711,0.292058379,78.92292796,17714
Total,Daniel Palka,CHW,94,0.074468085,0.393617021,0.189189189,0.186046511,0.255319148,0.26744186,0.522761008,0.081395349,0.29787234,4.955233746,-6.132366008,0.237019072,46.68001757,14897
Total,Dominic Smith,NYM,93,0.096774193,0.279569892,0.346153846,0.207317073,0.29032258,0.353658536,0.643981116,0.146341463,0.272727272,8.414187492,-2.966512448,0.280516901,75.2010286,15653
Total,Travis Jankowski,SDP,92,0.086956521,0.347826086,0.25,0.170731707,0.260869565,0.207317073,0.468186638,0.036585366,0.28,3.660311846,-7.202487933,0.221450369,35.88888881,13768
Total,Tyler Naquin,CLE,91,0.043956043,0.197802197,0.222222222,0.277108433,0.311111111,0.457831325,0.768942436,0.180722892,0.301587301,11.51883779,0.221937811,0.320774834,95.43805169,13359
Total,Mike Yastrzemski,SFG,89,0.056179775,0.224719101,0.25,0.329268292,0.382022471,0.560975609,0.94299808,0.231707317,0.396551724,16.65771222,5.452612194,0.390774839,145.8988452,14854
Total,Rio Ruiz,2 Tms,88,0.056818181,0.25,0.227272727,0.275,0.310344827,0.4375,0.747844827,0.1625,0.333333333,10.43821582,-0.584984198,0.313723274,90.91166923,14103
Total,Luis Valbuena,LAA,87,0.103448275,0.264367816,0.391304347,0.162162162,0.252873563,0.283783783,0.536657346,0.121621621,0.192307692,4.661854642,-5.743445223,0.239484499,46.95059248,4969
Total,Jace Peterson,3 Tms,85,0.117647058,0.2,0.588235294,0.150684931,0.261904761,0.260273972,0.522178733,0.109589041,0.166666666,4.791545604,-5.468954275,0.239786893,43.16514442,12325
Total,Stephen Vogt,3 Tms,80,0.0375,0.2125,0.176470588,0.213333333,0.2375,0.36,0.5975,0.146666667,0.24137931,5.078699287,-4.861300718,0.249055155,51.15280723,5000
Total,Brandon Moss,KCR,79,0.11392405,0.354430379,0.321428571,0.271428571,0.354430379,0.457142857,0.811573236,0.185714286,0.41025641,11.54926086,1.919160885,0.34968737,116.5642145,4467
Total,Billy McKinney,TOR,77,0.038961038,0.298701298,0.130434782,0.180555555,0.22368421,0.375,0.59868421,0.194444445,0.2,5.199745962,-4.287553987,0.25262024,53.96791918,15654
Total,Adrian Gonzalez,2 Tms,74,0.054054054,0.202702702,0.266666666,0.20289855,0.243243243,0.217391304,0.460634547,0.014492754,0.254545454,2.061756427,-6.838843485,0.208266003,26.79981208,1908
Total,Mike Freeman,4 Tms,73,0.08219178,0.383561643,0.214285714,0.265625,0.333333333,0.390625,0.723958333,0.125,0.428571428,8.722484003,-0.428216014,0.312274024,91.86353939,11241
Total,Chris Herrmann,3 Tms,70,0.057142857,0.228571428,0.25,0.181818181,0.228571428,0.318181818,0.546753246,0.136363637,0.208333333,3.568754255,-4.939245695,0.236813752,39.29220234,9284
Total,Marco Hernandez,BOS,69,0.014492753,0.231884057,0.0625,0.318181818,0.347826086,0.363636363,0.711462449,0.045454545,0.42,8.090601067,-0.528498945,0.31116533,87.92071109,13154
Total,Lonnie Chisenhall,CLE,68,0.147058823,0.176470588,0.833333333,0.333333333,0.446153846,0.5,0.946153846,0.166666667,0.4,13.47838559,5.229185635,0.41107745,156.9434408,7571
Total,Harold Castro,DET,68,0.029411764,0.264705882,0.111111111,0.212121212,0.235294117,0.212121212,0.447415329,0,0.291666666,1.474667151,-7.086532871,0.199340256,15.842958,14691
Total,Norichika Aoki,3 Tms,67,0.104477611,0.119402985,0.875,0.218181818,0.313432835,0.272727272,0.586160107,0.054545454,0.24,5.084487017,-3.082812961,0.266375683,64.73904959,13075
Total,Patrick Corbin,2 Tms,65,0,0.492307692,0,0.105263157,0.105263157,0.122807017,0.228070174,0.01754386,0.24,-4.486657953,-12.35615787,0.099033834,-43.1182085,9323
Total,Brett Phillips,2 Tms,65,0.092307692,0.369230769,0.25,0.142857142,0.238095238,0.178571428,0.416666666,0.035714286,0.25,1.537202553,-6.233297325,0.199852321,18.57655222,14735
Total,Franchy Cordero,SDP,63,0.031746031,0.444444444,0.071428571,0.2,0.225806451,0.366666666,0.592473117,0.166666666,0.310344827,4.174722511,-3.274977345,0.253255856,56.33966388,14567
Total,Ichiro Suzuki,2 Tms,62,0.112903225,0.177419354,0.636363636,0.363636363,0.43548387,0.418181818,0.853665688,0.054545455,0.454545454,10.50156521,2.99876526,0.378256249,138.9425366,1101
Total,Michael Saunders,PHI,60,0.05,0.25,0.2,0.192982456,0.233333333,0.385964912,0.619298245,0.192982456,0.225,4.260131851,-3.05386813,0.260586173,54.99334232,9981
Total,Jacob deGrom,NYM,60,0.033333333,0.333333333,0.1,0.16981132,0.2,0.16981132,0.36981132,0,0.272727272,-0.342767672,-7.548767575,0.168403852,1.319292986,10954
Total,Kyle Freeland,COL,60,0.016666666,0.55,0.03030303,0.055555555,0.072727272,0.055555555,0.128282827,0,0.142857142,-5.642919215,-12.84691912,0.060473245,-88.75297155,16256
Total,Robbie Ray,ARI,58,0.017241379,0.534482758,0.032258064,0.132075471,0.148148148,0.132075471,0.280223619,0,0.318181818,-2.291254215,-9.295454137,0.126450756,-33.26625773,11486
Total,Adam Haseley,PHI,57,0.052631578,0.280701754,0.1875,0.211538461,0.280701754,0.25,0.530701754,0.038461539,0.305555555,3.316559021,-3.859740998,0.241564121,43.81716364,19878
Total,Clayton Kershaw,LAD,53,0.056603773,0.16981132,0.333333333,0.225,0.279069767,0.25,0.529069767,0.025,0.29032258,2.140722778,-4.291977163,0.240382907,39.59281423,2036
Total,Bruce Maxwell,OAK,53,0.094339622,0.188679245,0.5,0.14893617,0.23076923,0.170212765,0.400981995,0.021276595,0.189189189,0.82367994,-5.562020003,0.191774193,15.47103079,13866
Total,Jon Lester,CHC,52,0.076923076,0.403846153,0.19047619,0.044444444,0.122448979,0.111111111,0.23356009,0.066666667,0.04347826,-2.231661441,-8.532461385,0.114757937,-29.79718546,4930
Total,Ryan Schimpf,2 Tms,52,0.115384615,0.326923076,0.352941176,0.181818181,0.288461538,0.522727272,0.81118881,0.340909091,0.130434782,6.944112931,0.61031295,0.335787703,108.4152831,9953
Total,Ben Revere,LAA,51,0.019607843,0.156862745,0.125,0.163265306,0.176470588,0.163265306,0.339735894,0,0.19047619,-1.090750632,-7.307650615,0.151104795,-14.96367196,4712
Total,Josh Naylor,SDP,50,0.04,0.16,0.25,0.291666666,0.32,0.354166666,0.674166666,0.0625,0.35,5.085944663,-1.209055353,0.291926067,79.88343783,18839
Total,Chance Sisco,BAL,47,0.127659574,0.404255319,0.315789473,0.105263157,0.276595744,0.184210526,0.46080627,0.078947369,0.166666666,2.322971108,-3.417328847,0.233003,38.68461724,15694
Total,DJ Stewart,BAL,47,0.063829787,0.127659574,0.5,0.318181818,0.361702127,0.363636363,0.72533849,0.045454545,0.368421052,5.832729188,-0.057570818,0.317846332,95.43243823,17766
Total,Chase Utley,LAD,45,0.088888888,0.244444444,0.363636363,0.157894736,0.266666666,0.315789473,0.582456139,0.157894737,0.185185185,3.193140045,-2.207359895,0.259066265,59.91631437,1679
Total,Charles Tilson,CHW,44,0.09090909,0.272727272,0.333333333,0.128205128,0.209302325,0.128205128,0.337507453,0,0.185185185,-0.271607612,-5.640207563,0.165756913,-2.680413352,12983
Total,Isan Diaz,MIA,44,0.09090909,0.318181818,0.285714285,0.1,0.181818181,0.225,0.406818181,0.125,0.12,0.260927108,-5.278672907,0.181112772,8.97630301,17922
Total,Rich Hill,LAD,43,0.023255813,0.418604651,0.055555555,0.073170731,0.116279069,0.073170731,0.1894498,0,0.130434782,-2.847886211,-8.027586153,0.094088036,-48.72917998,4806
Total,Tyler Wade,NYY,43,0.046511627,0.395348837,0.117647058,0.170731707,0.209302325,0.219512195,0.42881452,0.048780488,0.291666666,0.670688533,-4.587011434,0.190270995,10.9531363,15730
Total,Kyle Tucker,HOU,43,0.046511627,0.186046511,0.25,0.315789473,0.395348837,0.5,0.895348837,0.184210527,0.379310344,7.615305512,2.336605548,0.383545716,146.0065289,18345
Total,Ezequiel Carrera,TOR,42,0.142857142,0.238095238,0.6,0.085714285,0.219512195,0.114285714,0.333797909,0.028571429,0.12,-0.078601851,-5.198401838,0.174230983,-1.253830715,9048
Total,Shed Long,SEA,41,0.121951219,0.146341463,0.833333333,0.333333333,0.414634146,0.583333333,0.997967479,0.25,0.379310344,8.523146674,3.36124666,0.414740536,166.3326274,16542
Total,Joey Lucchesi,SDP,41,0.097560975,0.609756097,0.16,0,0.105263157,0,0.105263157,0,0,-3.57602753,-8.557927476,0.072602289,-64.84641865,19320
Total,JB Shuck,2 Tms,40,0.025,0.175,0.142857142,0.243243243,0.263157894,0.324324324,0.587482218,0.081081081,0.3,2.692915651,-2.127084282,0.252441389,56.36689029,6677
Total,Meibrys Viloria,KCR,39,0.076923076,0.435897435,0.176470588,0.114285714,0.179487179,0.114285714,0.293772893,0,0.210526315,-1.068503868,-5.942603867,0.14227093,-23.31161369,17109
Total,Drew Robinson,TEX,38,0.131578947,0.342105263,0.384615384,0.303030303,0.394736842,0.545454545,0.940191387,0.242424242,0.444444444,7.141262762,2.599062822,0.400275549,145.5141408,11761
Total,Rafael Ortega,2 Tms,37,0.054054054,0.243243243,0.222222222,0.228571428,0.27027027,0.257142857,0.527413127,0.028571429,0.307692307,1.896069158,-2.537230771,0.237111581,46.43627804,10323
Total,Magneuris Sierra,2 Tms,37,0.027027027,0.297297297,0.09090909,0.416666666,0.432432432,0.444444444,0.876876876,0.027777778,0.6,6.514122231,2.105822301,0.384141131,143.4913589,17023
Total,Tyler Anderson,COL,36,0.055555555,0.611111111,0.09090909,0.121212121,0.171428571,0.121212121,0.292640692,0,0.363636363,-0.978994638,-5.265394569,0.139919489,-22.31901022,12880
Total,Mike Ford,NYY,36,0.083333333,0.111111111,0.75,0.333333333,0.388888888,1,1.388888888,0.666666667,0.181818181,11.4103181,6.877918093,0.540920195,248.0487229,15585
Total,Trent Grisham,MIL,36,0.083333333,0.388888888,0.214285714,0.21875,0.305555555,0.40625,0.711805555,0.1875,0.352941176,4.046052624,-0.486347388,0.304271354,84.18247255,18564
Total,Josh Rojas,ARI,36,0.138888888,0.305555555,0.454545454,0.29032258,0.388888888,0.387096774,0.775985662,0.096774194,0.45,5.226307293,0.693907281,0.342198544,109.5195806,19734
Total,Miguel Montero,3 Tms,35,0.142857142,0.142857142,1,0.2,0.314285714,0.233333333,0.547619047,0.033333333,0.24,2.465293575,-1.781206403,0.259343377,54.6706679,3364
Total,Zack Wheeler,NYM,35,0,0.428571428,0,0.151515151,0.176470588,0.151515151,0.327985739,0,0.277777777,-0.644665634,-4.881165584,0.149912699,-8.615167206,10310
Total,Mason Williams,3 Tms,35,0.057142857,0.228571428,0.25,0.212121212,0.257142857,0.242424242,0.499567099,0.03030303,0.28,1.525133433,-2.681366509,0.225188109,33.33479971,11859
Total,Ryder Jones,SFG,35,0.057142857,0.428571428,0.133333333,0.15625,0.228571428,0.15625,0.384821428,0,0.294117647,-0.160563205,-4.422063192,0.170557562,0.712965988,15982
Total,John Jaso,PIT,34,0.117647058,0.205882352,0.571428571,0.2,0.294117647,0.333333333,0.62745098,0.133333333,0.227272727,2.946375365,-1.198224624,0.279138393,69.1644362,5887
Total,Matt Beaty,LAD,34,0.029411764,0.176470588,0.166666666,0.125,0.176470588,0.15625,0.332720588,0.03125,0.153846153,-0.596075291,-4.876675302,0.153970978,-8.990662682,17710
Total,Alex Presley,DET,32,0.0625,0.25,0.25,0.266666666,0.3125,0.266666666,0.579166666,0,0.363636363,2.323193639,-1.577606351,0.262479331,57.71976517,5305
Total,Adam Lind,WSN,32,0.0625,0.1875,0.333333333,0.310344827,0.34375,0.344827586,0.688577586,0.034482759,0.375,3.362999431,-0.537800559,0.300984591,79.75809893,8027
Total,Noah Syndergaard,NYM,32,0.0625,0.75,0.083333333,0.037037037,0.1,0.074074074,0.174074074,0.037037037,0.25,-2.367823885,-6.271623851,0.087570089,-50.22557732,11762
Total,Nick Martini,2 Tms,32,0.09375,0.3125,0.3,0.038461538,0.1875,0.038461538,0.225961538,0,0.058823529,-1.052819357,-4.982619331,0.137187704,-19.61776582,12005
Total,Tzu-Wei Lin,BOS,32,0.0625,0.28125,0.222222222,0.172413793,0.225806451,0.275862068,0.501668519,0.103448275,0.25,1.44694955,-2.400850399,0.218529701,30.23078902,14678
Total,Reese McGuire,TOR,32,0.0625,0.3125,0.2,0.206896551,0.258064516,0.413793103,0.671857619,0.206896552,0.235294117,3.055364962,-0.901435022,0.284819322,75.81338183,15674
Total,Jim Adduci,DET,31,0.032258064,0.322580645,0.1,0.166666666,0.193548387,0.166666666,0.360215053,0,0.25,-0.195232195,-3.874132131,0.163937482,-7.338421226,6448
Total,Jarrett Parker,2 Tms,30,0.033333333,0.333333333,0.1,0.25,0.3,0.392857142,0.692857142,0.142857142,0.352941176,3.147351695,-0.513648296,0.300277172,85.75973558,11624
Total,Ryan Flaherty,3 Tms,28,0.035714285,0.214285714,0.166666666,0.153846153,0.214285714,0.153846153,0.368131867,0,0.2,0.024606467,-3.329593486,0.176015356,2.959911297,7888
Total,Josh VanMeter,CIN,28,0.107142857,0.285714285,0.375,0.125,0.25,0.208333333,0.458333333,0.083333333,0.1875,1.04938839,-2.475811619,0.217609103,26.18624838,15170
Total,Luis Guillorme,NYM,28,0,0.107142857,0,0.25,0.25,0.285714285,0.535714285,0.035714285,0.28,1.410984494,-1.916215442,0.232307783,45.50985488,16451
Total,Nate Lowe,TBR,28,0.107142857,0.357142857,0.3,0.291666666,0.392857142,0.625,1.017857142,0.333333334,0.416666666,5.905923539,2.38072353,0.418262239,168.3680044,19566
Total,Raffy Lopez,2 Tms,27,0.111111111,0.333333333,0.333333333,0.208333333,0.296296296,0.208333333,0.504629629,0,0.333333333,1.43542182,-1.780878131,0.239512777,45.38526156,12606
Total,Seth Smith,BAL,26,0.076923076,0.192307692,0.4,0.25,0.307692307,0.5,0.807692307,0.25,0.277777777,3.56797977,0.398579778,0.33906601,109.4573102,7331
Total,Clayton Richard,SDP,25,0.04,0.52,0.076923076,0.09090909,0.130434782,0.09090909,0.221343872,0,0.222222222,-1.436121843,-4.448621817,0.106211618,-42.36392891,3551
Total,Michael Perez,TBR,25,0.04,0.4,0.1,0.333333333,0.36,0.416666666,0.776666666,0.083333333,0.571428571,3.390683359,0.369183397,0.336432517,114.9137329,12977
Total,Zack Collins,CHW,25,0.08,0.44,0.181818181,0.136363636,0.24,0.136363636,0.376363636,0,0.272727272,0.304563501,-2.842936507,0.188345842,11.61818619,19181
Total,Matt Thaiss,LAA,24,0.083333333,0.291666666,0.285714285,0.227272727,0.291666666,0.409090909,0.700757575,0.181818182,0.285714285,2.561753156,-0.459846853,0.29773441,85.79874401,19318
Total,Andrew Stevenson,WSN,23,0.086956521,0.391304347,0.222222222,0.105263157,0.19047619,0.157894736,0.348370926,0.052631579,0.2,-0.151724022,-2.929423999,0.166803479,-6.996318946,17932
Total,Rey Fuentes,ARI,22,0.045454545,0.318181818,0.142857142,0.19047619,0.227272727,0.19047619,0.417748917,0,0.285714285,0.268184686,-2.413615307,0.190894059,4.611368593,10329
Total,Alex Dickerson,2 Tms,22,0.045454545,0.227272727,0.2,0.19047619,0.227272727,0.333333333,0.56060606,0.142857143,0.25,1.159738612,-1.610061395,0.235236314,45.88703452,12649
Total,Juan Centeno,3 Tms,21,0,0.142857142,0,0.315789473,0.35,0.315789473,0.665789473,0,0.375,2.188400582,-0.376499406,0.298751774,83.68016349,7168
Total,Jason Vargas,3 Tms,20,0.05,0.35,0.142857142,0.058823529,0.111111111,0.058823529,0.16993464,0,0.1,-1.510421169,-3.971421157,0.087011023,-46.85332296,8044
Total,Zack Granite,MIN,20,0.15,0.1,1.5,0.352941176,0.45,0.529411764,0.979411764,0.176470588,0.357142857,4.146197871,1.708197877,0.42211059,167.0776867,15343
Total,Brandon Woodruff,MIL,20,0.1,0.4,0.25,0.222222222,0.3,0.277777777,0.577777777,0.055555555,0.4,1.49349463,-0.999505371,0.260439393,55.95310096,16162
Total,Sam Hilliard,COL,20,0.25,0.25,1,0.266666666,0.45,0.666666666,1.116666666,0.4,0.25,4.827526952,2.309526945,0.45348894,168.6706401,17954
Total,Andrew Suarez,SFG,20,0,0.6,0,0.05,0.05,0.05,0.1,0,0.125,-2.079040933,-4.417040873,0.043976536,-80.92638722,18300
Total,Alexi Amarista,COL,19,0.105263157,0.157894736,0.666666666,0.294117647,0.368421052,0.352941176,0.721362228,0.058823529,0.357142857,2.339502391,0.023402397,0.322359562,81.75556247,9063
Total,Preston Tucker,2 Tms,19,0,0.210526315,0,0.111111111,0.157894736,0.222222222,0.380116958,0.111111111,0.142857142,-0.034198213,-2.255298156,0.169196035,0.788855046,13633
Total,Max Fried,ATL,19,0,0.157894736,0,0.235294117,0.235294117,0.235294117,0.470588234,0,0.285714285,0.402979104,-1.959120893,0.204614134,17.96085376,13743
Total,Jaycob Brugman,OAK,19,0.052631578,0.263157894,0.2,0.166666666,0.210526315,0.166666666,0.377192981,0,0.23076923,-0.02491508,-2.341015074,0.174894763,2.348100697,14936
Total,Steven Brault,PIT,19,0.052631578,0.157894736,0.333333333,0.375,0.411764705,0.375,0.786764705,0,0.461538461,3.036585201,0.701485214,0.348694114,126.9025991,15291
Total,Jose Miguel Fernandez,LAA,19,0,0.210526315,0,0.263157894,0.263157894,0.315789473,0.578947367,0.052631579,0.333333333,1.230817073,-0.990282869,0.25081041,56.50420833,19254
Total,Sean Newcomb,ATL,16,0.0625,0.625,0.1,0,0.076923076,0,0.076923076,0,0,-1.672143252,-3.594543227,0.053040738,-74.84525641,16943
Total,Hyun Soo Kim,2 Tms,16,0.0625,0.4375,0.142857142,0.133333333,0.1875,0.133333333,0.320833333,0,0.25,-0.318014846,-2.26841484,0.15289573,-16.58386917,18718
Total,Alejandro De Aza,WSN,15,0,0,0,0.153846153,0.142857142,0.307692307,0.450549449,0.153846154,0.142857142,-0.037517854,-1.866017849,0.173484768,-3.942842319,3371
Total,Brock Stassi,PHI,15,0.066666666,0.333333333,0.2,0.071428571,0.133333333,0.071428571,0.204761904,0,0.111111111,-0.908918656,-2.737418651,0.104644191,-47.37927567,12244
Total,Socrates Brito,2 Tms,15,0,0.133333333,0,0.2,0.2,0.2,0.4,0,0.23076923,0.03351329,-1.737986672,0.175906146,4.58221749,12944
Total,Sal Romano,CIN,15,0,0.666666666,0,0,0,0,0,0,0,-2.133709804,-3.90720977,0,-100,13690
Total,Colby Rasmus,2 Tms,14,0,0.642857142,0,0.153846153,0.142857142,0.461538461,0.604395603,0.307692308,0.25,0.644118282,-1.052481708,0.229432421,42.18467781,9893
Total,Jared Hoying,TEX,14,0.071428571,0.285714285,0.25,0.307692307,0.357142857,0.384615384,0.741758241,0.076923077,0.444444444,1.759400824,0.052800828,0.325369201,92.79897099,10882
Total,Boog Powell,2 Tms,14,0.285714285,0.142857142,2,0.2,0.428571428,0.3,0.728571428,0.1,0.25,2.043281292,0.341681299,0.348629526,122.5155099,15103
Total,Dustin Fowler,OAK,14,0,0.071428571,0,0.153846153,0.142857142,0.153846153,0.296703295,0,0.153846153,-0.522568722,-2.15916868,0.125647247,-27.83323932,17098
Total,Seth Brown,OAK,14,0,0.285714285,0,0.214285714,0.214285714,0.214285714,0.428571428,0,0.3,0.146341917,-1.616258088,0.186345015,11.56927037,18171
Total,Dallas Keuchel,2 Tms,13,0,0.769230769,0,0.076923076,0.076923076,0.153846153,0.230769229,0.076923077,0.333333333,-0.884842232,-2.503542229,0.093589645,-51.47677955,9434
Total,Bobby Bradley,CLE,13,0.076923076,0.384615384,0.2,0.166666666,0.23076923,0.333333333,0.564102563,0.166666667,0.285714285,0.741968481,-0.894731523,0.240279152,40.49735974,17278
Total,Pedro Alvarez,BAL,12,0.083333333,0.25,0.333333333,0.363636363,0.416666666,0.909090909,1.325757575,0.545454546,0.333333333,3.642178437,2.224378465,0.538036933,247.8196205,2495
Total,Mike Montgomery,CHC,12,0,0.5,0,0.09090909,0.09090909,0.09090909,0.18181818,0,0.2,-0.98412128,-2.424921261,0.079055461,-54.84563777,4869
Total,Cole Hamels,2 Tms,12,0,0.25,0,0.166666666,0.166666666,0.166666666,0.333333332,0,0.222222222,-0.293385358,-1.764185348,0.145761733,-16.2915264,4972
Total,Scott Feldman,CIN,12,0,0.333333333,0,0,0,0,0,0,0,-1.786824268,-3.249624264,0,-100,6283
Total,Conor Gillaspie,SFG,12,0,0.166666666,0,0.181818181,0.25,0.272727272,0.522727272,0.090909091,0.222222222,0.602593183,-0.860206813,0.235954677,43.21398433,9009
Total,Jeremy Hazelbaker,ARI,12,0.083333333,0.416666666,0.2,0.363636363,0.416666666,0.727272727,1.143939393,0.363636364,0.6,2.988190651,1.525390655,0.471532131,188.8443363,9399
Total,Brett Nicholas,TEX,12,0.083333333,0.25,0.333333333,0.09090909,0.166666666,0.181818181,0.348484847,0.090909091,0.125,-0.162212629,-1.625012625,0.160430198,-19.9969868,11192
Total,Kevin Gausman,ATL,12,0,0.75,0,0,0,0,0,0,0,-1.764321942,-3.239121933,0,-100,14107
Total,Mike Gerber,2 Tms,12,0.083333333,0.583333333,0.142857142,0,0.083333333,0,0.083333333,0,0,-1.180216102,-2.637016086,0.0574608,-69.81257898,16115
Total,Pablo Lopez,MIA,12,0,0.583333333,0,0.166666666,0.166666666,0.166666666,0.333333332,0,0.4,-0.304109465,-1.814909469,0.144935012,-14.70425497,17085
Total,Gavin Lux,LAD,12,0,0.333333333,0,0.083333333,0.083333333,0.333333333,0.416666666,0.25,0,-0.130955205,-1.641755209,0.161627819,-3.978791432,19955
Total,Francisco Arcia,LAA,11,0,0.09090909,0,0.3,0.363636363,0.6,0.963636363,0.3,0.25,2.141139812,0.855239845,0.410005895,165.0854141,10286
Total,Tyler Collins,DET,11,0.09090909,0.272727272,0.333333333,0.1,0.181818181,0.2,0.381818181,0.1,0.142857142,-0.013310607,-1.354210603,0.175014761,-2.094164749,12723
Total,Andrew Toles,LAD,11,0,0.181818181,0,0.272727272,0.272727272,0.454545454,0.727272726,0.181818182,0.333333333,1.2136446,-0.09725538,0.305101091,90.77672223,13414
Total,Brent Suter,MIL,11,0.181818181,0.272727272,0.666666666,0.111111111,0.272727272,0.222222222,0.494949494,0.111111111,0.166666666,0.56812285,-0.737777128,0.238757643,49.66945405,13942
Total,Kevin Kramer,PIT,11,0,0.363636363,0,0.09090909,0.09090909,0.09090909,0.18181818,0,0.142857142,-0.894388275,-2.270288275,0.079055461,-59.43404624,17689
Total,Chris Shaw,SFG,11,0.181818181,0.363636363,0.5,0.222222222,0.363636363,0.333333333,0.696969696,0.111111111,0.4,1.334527463,0.030627489,0.317813104,101.0004991,17738
Total,Clay Buchholz,2 Tms,10,0,0.5,0,0,0,0,0,0,0,-1.40734888,-2.581348853,0,-100,3543
Total,Efren Navarro,DET,10,0.1,0.2,0.5,0.444444444,0.5,1,1.5,0.555555556,0.5,3.55599472,2.336994723,0.59783352,287.0566493,9854
Total,Matt Skole,CHW,10,0,0.5,0,0.2,0.2,0.2,0.4,0,0.4,0.018741792,-1.222258205,0.173922014,5.001933217,12119
Total,Adam Conley,MIA,10,0.1,0.4,0.25,0,0.142857142,0,0.142857142,0,0,-0.613535959,-1.836535957,0.098999151,-41.99515506,14457
Total,Austin Allen,SDP,10,0,0.4,0,0.1,0.1,0.1,0.2,0,0.166666666,-0.754560846,-2.013560849,0.086961007,-54.27873818,18083
Total,LaMonte Wade Jr,MIN,10,0.1,0.2,0.5,0,0.3,0,0.3,0,0,0.333848087,-0.925151916,0.212873709,25.17882987,18126
Total,Jaff Decker,OAK,9,0,0.333333333,0,0.375,0.444444444,0.375,0.819444444,0,0.6,1.489105123,0.392005126,0.372513937,137.4928733,7945
Total,Nick Ciuffo,TBR,9,0,0.222222222,0,0.25,0.25,0.25,0.5,0,0.333333333,0.355945331,-0.696154642,0.219882682,36.52777855,16291
Total,Garrett Stubbs,HOU,9,0.111111111,0,1,0.375,0.444444444,0.625,1.069444444,0.25,0.375,2.096179033,0.96307903,0.443693227,185.3760911,18067
Total,Jake Fraley,SEA,9,0,0.444444444,0,0.111111111,0.111111111,0.111111111,0.222222222,0,0.2,-0.603934318,-1.737034321,0.096623341,-48.62611048,19260
Total,Danny Duffy,KCR,8,0,0.625,0,0.25,0.25,0.25,0.5,0,0.666666666,0.311545255,-0.66965474,0.21828486,32.92516511,3542
Total,Wade Miley,MIL,8,0,0.5,0,0.25,0.25,0.25,0.5,0,0.5,0.31639585,-0.618804126,0.219882682,31.45613208,8779
Total,Edwin Rios,LAD,8,0.125,0.375,0.333333333,0.285714285,0.375,0.428571428,0.803571428,0.142857143,0.5,1.195101124,0.187901121,0.347071707,117.405583,18316
Total,Jared Walsh,LAA,8,0,0.25,0,0.25,0.25,0.5,0.75,0.25,0.333333333,0.898396649,-0.108803354,0.304166347,90.14494449,18607
Total,Matt Moore,SFG,7,0,0.428571428,0,0.142857142,0.142857142,0.142857142,0.285714284,0,0.25,-0.302508324,-1.155808321,0.125238402,-29.46891241,1890
Total,Chris Coghlan,TOR,7,0.285714285,0.142857142,2,0,0.428571428,0,0.428571428,0,0,0.737103363,-0.116196634,0.301229588,85.5960293,6878
Total,Shane Peterson,TBR,7,0.142857142,0.285714285,0.5,0.166666666,0.285714285,0.166666666,0.452380951,0,0.25,0.282297523,-0.571002475,0.224237553,36.1794157,7423
Total,Jaime Garcia,ATL,7,0.142857142,0,1,0.166666666,0.285714285,0.666666666,0.952380951,0.5,0,1.213283305,0.359983308,0.381839948,133.8464726,8137
Total,Rob Brantly,2 Tms,7,0.142857142,0.571428571,0.25,0.166666666,0.285714285,0.166666666,0.452380951,0,0.5,0.280573017,-0.576726982,0.224237553,37.43596643,10655
Total,Bryan Mitchell,SDP,7,0,0.571428571,0,0,0,0,0,0,0,-0.978792,-1.797091979,0,-100,11479
Total,Nolan Fontana,LAA,7,0.142857142,0.714285714,0.2,0,0.142857142,0,0.142857142,0,0,-0.421209935,-1.254509922,0.098999151,-40.1403648,13267
Total,Stephen Drew,WSN,6,0.166666666,0.166666666,1,0.4,0.5,0.4,0.9,0,0.5,1.171005378,0.43960538,0.407721947,149.8289186,4251
Total,Martin Perez,TEX,6,0,1,0,0,0,0,0,0,0,-0.866188353,-1.582588343,0,-100,6902
Total,Chris Rusin,COL,6,0,0.333333333,0,0.333333333,0.333333333,0.333333333,0.666666666,0,0.5,0.582050526,-0.139349467,0.292699923,64.37174921,9895
Total,James Paxton,NYY,6,0,0.833333333,0,0,0,0,0,0,0,-0.903759171,-1.659159173,0,-100,11828
Total,Anthony Bemboom,LAA,6,0.166666666,0.166666666,1,0.2,0.333333333,0.8,1.133333333,0.6,0,1.36950844,0.614108438,0.438305338,180.7855912,13854
Total,Julio Urias,LAD,6,0,0.166666666,0,0,0,0,0,0,0,-0.900310158,-1.647710159,0,-100,14765
Total,Dylan Cozens,PHI,6,0,0.833333333,0,0.166666666,0.166666666,0.166666666,0.333333332,0,1,-0.121456932,-0.822856914,0.146588455,-16.81799598,15115
Total,Andrew Heaney,LAA,6,0,0.666666666,0,0.166666666,0.166666666,0.166666666,0.333333332,0,0.5,-0.121456932,-0.822856914,0.146588455,-14.58163675,15423
Total,AJ Reed,2 Tms,6,0,0.333333333,0,0.166666666,0.166666666,0.166666666,0.333333332,0,0.25,-0.14860572,-0.896005721,0.144935012,-12.49838899,16246
Total,Austin Gomber,STL,6,0,0.166666666,0,0.333333333,0.333333333,0.333333333,0.666666666,0,0.4,0.596050707,-0.105349275,0.293176909,84.73466771,16561
Total,Cal Quantrill,SDP,6,0,0.333333333,0,0.2,0.2,0.2,0.4,0,0.333333333,-0.001713845,-0.757113847,0.173922014,2.642563221,19312
Total,Wade LeBlanc,2 Tms,5,0,0.6,0,0,0,0,0,0,0,-0.726360924,-1.325860917,0,-100,5221
Total,Brett Anderson,2 Tms,5,0,0.2,0,0.4,0.4,0.4,0.8,0,0.5,0.752000741,0.12650074,0.347844028,123.5673069,8223
Total,Ehire Adrianza,MIN,5,0,0,0,0.2,0.2,0.4,0.6,0.2,0.2,0.318370516,-0.266129469,0.249454975,52.32466472,8418
Total,Matt Grace,WSN,5,0,0.8,0,0,0,0,0,0,0,-0.737160024,-1.34566002,0,-100,11449
Total,Cody Asche,CHW,5,0,0.2,0,0,0,0,0,0,0,-0.744510112,-1.35401011,0,-100,11997
Total,Beau Taylor,OAK,5,0,0.4,0,0,0.2,0,0.2,0,0,-0.109829994,-0.721329989,0.143843889,-11.41041807,12384
Total,Matt Koch,ARI,5,0,0.8,0,0,0,0,0,0,0,-0.709936243,-1.303436231,0,-100,13420
Total,Sherman Johnson,LAA,5,0,0.6,0,0,0,0,0,0,0,-0.699137143,-1.283637128,0,-100,13906
Total,Tyler Glasnow,PIT,5,0,0.4,0,0,0,0,0,0,0,-0.735435518,-1.339935514,0,-100,14374
Total,Cody Reed,CIN,5,0,0.8,0,0,0,0,0,0,0,-0.719010837,-1.317510828,0,-100,15232
Total,Jason Martin,PIT,5,0,0.2,0,0.4,0.4,0.4,0.8,0,0.5,0.750276234,0.120776233,0.347844028,115.3864533,16429
Total,Brian O'Grady,CIN,5,0,0.4,0,0.4,0.4,0.6,1,0.2,0.666666666,1.050276234,0.420776233,0.417255092,156.8667667,16729
Total,Javy Guerra,SDP,5,0,0.6,0,0,0,0,0,0,0,-0.699137143,-1.283637128,0,-100,17292
Total,Carlos Moncrief,SFG,4,0.25,0.5,0.5,0,0.25,0,0.25,0,0,-0.010802243,-0.498402241,0.173248515,2.048712874,7511
Total,Justin Nicolino,MIA,4,0,0.5,0,0,0,0,0,0,0,-0.595608089,-1.083208088,0,-100,11754
Total,Eduardo Rodriguez,BOS,4,0,0.25,0,0,0,0,0,0,0,-0.589982508,-1.080582505,0,-100,13164
Total,Ariel Miranda,SEA,4,0,0.5,0,0,0,0,0,0,0,-0.595608089,-1.083208088,0,-100,17526
Total,Alex Young,ARI,4,0,0.25,0,0,0,0,0,0,0,-0.602506114,-1.106106115,0,-100,18333
Total,Dillon Peters,MIA,4,0,0.5,0,0,0,0,0,0,0,-0.577458902,-1.055058895,0,-100,18790
Total,Cole Irvin,PHI,4,0,0.25,0,0.25,0.25,0.25,0.5,0,0.333333333,0.149198325,-0.354401677,0.217402518,28.00191548,19244
Total,Jeff Locke,MIA,3,0.333333333,0.666666666,0.5,0,0.333333333,0,0.333333333,0,0,0.13809978,-0.227600219,0.230998019,40.27248842,2929
Total,Francisco Liriano,2 Tms,3,0,0,0,0.5,0.5,0.5,1,0,0.5,0.321423053,-0.038276942,0.434805036,85.63808724,3201
Total,T.J. McFarland,ARI,3,0,0.666666666,0,0,0,0,0,0,0,-0.430281386,-0.78998138,0,-100,3237
Total,Andre Ethier,LAD,3,0,0,0,0,0,0,0,0,0,-0.446706067,-0.812406066,0,-100,6265
Total,Scott Alexander,2 Tms,3,0,0.666666666,0,0,0,0,0,0,0,-0.42855688,-0.784256873,0,-100,10591
Total,Drew Smyly,2 Tms,3,0,0.333333333,0,0,0,0,0,0,0,-0.451879585,-0.829579586,0,-100,11760
Total,Dylan Floro,3 Tms,3,0,0.333333333,0,0,0,0,0,0,0,-0.439355979,-0.804055976,0,-100,13394
Total,Blake Snell,TBR,3,0.333333333,0.333333333,1,0,0.666666666,0,0.666666666,0,0,0.730532968,0.379832977,0.469901502,207.0561388,13543
Total,Ian Miller,MIN,3,0,0.333333333,0,0,0,0,0,0,0,-0.451879585,-0.829579586,0,-100,15156
Total,Kean Wong,2 Tms,3,0,0,0,0.333333333,0.333333333,0.333333333,0.666666666,0,0.333333333,0.299824853,-0.077875148,0.289870024,86.36422229,15994
Total,Corban Joseph,2 Tms,2,0,0.5,0,0.5,0.5,0.5,1,0,1,0.450451381,0.198651381,0.434805036,186.6331972,5503
Total,J.A. Happ,NYY,2,0,0,0,0,0,0,0,0,0,-0.301253057,-0.553053058,0,-100,7410
Total,Tyler Skaggs,LAA,2,0,1,0,0,0,0,0,0,0,-0.299528551,-0.547328551,0,-100,10190
Total,Josh Smoker,NYM,2,0,1,0,0,0,0,0,0,0,-0.297804045,-0.541604044,0,-100,10285
Total,Matthew den Dekker,2 Tms,2,0,0.5,0,0.5,0.5,0.5,1,0,1,0.451076382,0.212276385,0.438334405,188.8711276,11385
Total,Roenis Elias,SEA,2,0,0.5,0,0.5,0.5,0.5,1,0,1,0.437852782,0.204052788,0.439765364,186.8433656,12673
Total,Ryan Carpenter,DET,2,0,0.5,0,0,0,0,0,0,0,-0.301253057,-0.553053058,0,-100,12699
Total,Tyler Pill,NYM,2,0,0.5,0,0,0,0,0,0,0,-0.297804045,-0.541604044,0,-100,12751
Total,John Brebbia,STL,2,0,0.5,0,0,0,0,0,0,0,-0.279654857,-0.513454851,0,-100,12777
Total,Mitch Walding,PHI,2,0,1,0,0,0,0,0,0,0,-0.279654857,-0.513454851,0,-100,13006
Total,Wandy Peralta,CIN,2,0,0.5,0,0,0,0,0,0,0,-0.279654857,-0.513454851,0,-100,14295
Total,Yohander Mendez,TEX,2,0,0.5,0,0,0,0,0,0,0,-0.279654857,-0.513454851,0,-100,14391
Total,Randy Rosario,CHC,2,0.5,0,1,0,0.5,0,0.5,0,0,0.272053683,0.029253686,0.344764799,123.2329331,14508
Total,Anthony Banda,ARI,2,0,0,0,0,0,0,0,0,0,-0.297804045,-0.541604044,0,-100,14706
Total,Taylor Williams,MIL,2,0,1,0,0,0,0,0,0,0,-0.279654857,-0.513454851,0,-100,14899
Total,Dom Nunez,COL,2,0,0.5,0,0,0,0,0,0,0,-0.301253057,-0.553053058,0,-100,15055
Total,Luke Farrell,CHC,2,0,0.5,0,0,0,0,0,0,0,-0.279654857,-0.513454851,0,-100,15101
Total,Marco Gonzales,SEA,2,0,0.5,0,0,0,0,0,0,0,-0.279654857,-0.513454851,0,-100,15467
Total,Jacob Hannemann,SEA,2,0,0.5,0,0,0,0,0,0,0,-0.297804045,-0.541604044,0,-100,15644
Total,Carlos Rodon,CHW,2,0,0.5,0,0,0,0,0,0,0,-0.297804045,-0.541604044,0,-100,16137
Total,Harrison Musgrave,COL,2,0,0.5,0,0,0,0,0,0,0,-0.279654857,-0.513454851,0,-100,16532
Total,Jalen Beeks,TBR,2,0,1,0,0,0,0,0,0,0,-0.290453957,-0.533253954,0,-100,17192
Total,Ranger Suarez,PHI,2,0,0.5,0,0,0,0,0,0,0,-0.301253057,-0.553053058,0,-100,17277
Total,Kolby Allard,TEX,2,0,0,0,0,0,0,0,0,0,-0.301253057,-0.553053058,0,-100,18694
Total,Conner Menez,SFG,2,0,0,0,0,0,0,0,0,0,-0.301253057,-0.553053058,0,-100,19199
Total,Donnie Walton,SEA,2,0.5,0,1,0,0.5,0,0.5,0,0,0.295451418,0.043651417,0.3451491,119.3081736,19314
Total,Brendan McKay,TBR,2,0.5,0.5,1,0,0.5,0,0.5,0,0,0.295451418,0.043651417,0.3451491,118.9638591,20186
Total,Sean Doolittle,WSN,1,0,1,0,0,0,0,0,0,0,-0.150626528,-0.276526529,0,-100,1581
Total,Jorge De La Rosa,ARI,1,1,0,1,0,1,0,1,0,0,0.422680211,0.305780214,0.689529598,345.6727343,2047
Total,Zach Duke,MIN,1,0,1,0,0,0,0,0,0,0,-0.139827429,-0.256727426,0,-100,3840
Total,Brian Duensing,CHC,1,0,1,0,0,0,0,0,0,0,-0.148902022,-0.270802022,0,-100,4064
Total,Kirk Nieuwenhuis,MIL,1,1,0,1,0,1,0,1,0,0,0.435903824,0.314003825,0.692994058,338.1831876,6400
Total,Tommy Milone,NYM,1,1,0,1,0,1,0,1,0,0,0.435903824,0.314003825,0.692994058,344.6217946,7608
Total,Kirby Yates,SDP,1,0,0,0,0,0,0,0,0,0,-0.139827429,-0.256727426,0,-100,9073
Total,Brad Hand,SDP,1,0,0,0,0,0,0,0,0,0,-0.139827429,-0.256727426,0,-100,9111
Total,Buddy Baumann,NYM,1,0,0,0,0,0,0,0,0,0,-0.139827429,-0.256727426,0,-100,9309
Total,Quintin Berry,MIL,1,0,0,0,0,0,0,0,0,0,-0.148902022,-0.270802022,0,-100,9414
Total,Danny Ortiz,PIT,1,0,0,0,1,1,1,2,0,1,0.59090381,0.46900381,0.876668811,461.4305365,10317
Total,Drew Hutchison,PHI,1,0,0,0,0,0,0,0,0,0,-0.139827429,-0.256727426,0,-100,10732
Total,Ramon Flores,LAA,1,0,0,0,0,0,0,0,0,0,-0.148902022,-0.270802022,0,-100,11165
Total,Josh Osich,CHW,1,0,0,0,0,0,0,0,0,0,-0.150626528,-0.276526529,0,-100,11528
Total,Hoby Milner,PHI,1,0,1,0,0,0,0,0,0,0,-0.148902022,-0.270802022,0,-100,13346
Total,Daniel Norris,DET,1,0,0,0,0,0,0,0,0,0,-0.139827429,-0.256727426,0,-100,13475
Total,Brian Johnson,BOS,1,0,1,0,0,0,0,0,0,0,-0.150626528,-0.276526529,0,-100,14272
Total,Justin Williams,TBR,1,0,0,0,0,0,0,0,0,0,-0.139827429,-0.256727426,0,-100,15490
Total,Dillon Overton,SDP,1,0,1,0,0,0,0,0,0,0,-0.148902022,-0.270802022,0,-100,15627
Total,Brandon Finnegan,CIN,1,0,0,0,0,0,0,0,0,0,-0.148902022,-0.270802022,0,-100,16208
Total,Jordan Montgomery,NYY,1,1,0,1,0,1,0,1,0,0,0.435903824,0.314003825,0.692994058,353.5315217,16511
Total,Yandy Diaz,TBR,1,0,1,0,0,0,0,0,0,0,-0.150626528,-0.276526529,0,-100,16578
Total,Brock Stewart,LAD,1,0,1,0,0,0,0,0,0,0,-0.148902022,-0.270802022,0,-100,16727
Total,Braxton Lee,MIA,1,0,1,0,0,0,0,0,0,0,-0.139827429,-0.256727426,0,-100,16839
Total,Austin Davis,PHI,1,0,1,0,0,0,0,0,0,0,-0.139827429,-0.256727426,0,-100,17117
Total,Jose Castillo,SDP,1,0,0,0,0,0,0,0,0,0,-0.139827429,-0.256727426,0,-100,17169
Total,Genesis Cabrera,STL,1,0,1,0,0,0,0,0,0,0,-0.150626528,-0.276526529,0,-100,17490
Total,Kevin Kaczmarski,NYM,1,0,0,0,0,0,0,0,0,0,-0.139827429,-0.256727426,0,-100,18146
Total,Jarlin Garcia,MIA,1,0,1,0,0,0,0,0,0,0,-0.150626528,-0.276526529,0,-100,18282
Total,Jose Quijada,MIA,1,0,1,0,0,0,0,0,0,0,-0.150626528,-0.276526529,0,-100,19200
Total,Jon Duplantier,ARI,1,0,0,0,0,0,0,0,0,0,-0.150626528,-0.276526529,0,-100,19546
Total,Nick Margevicius,SDP,1,0,1,0,0,0,0,0,0,0,-0.150626528,-0.276526529,0,-100,20395